[
  {
    "state": "Abruzzo",
    "town": "Avezzano",
    "postalcode": 67051,
    "county": "Aq",
    "name": "Ospedale Civile",
    "street": "Tre Conche",
    "email": "",
    "domainIdentifier": "",
    "country": "IT",
    "location": { "type": "Point", "coordinates": [13.4187642, 42.0508987] }
  },
  {
    "state": "Abruzzo",
    "town": "L'aquila",
    "postalcode": 67100,
    "county": "Aq",
    "name": "Ospedale San Salvatore",
    "street": "Via Nizza",
    "email": "",
    "domainIdentifier": "",
    "country": "IT",
    "location": { "type": "Point", "coordinates": [13.223338, 42.4501271] }
  },
  {
    "state": "Abruzzo",
    "town": "Sulmona",
    "postalcode": 67039,
    "county": "Aq",
    "name": "Ospedale Civile",
    "street": "Viale Mazzini 1",
    "email": "",
    "domainIdentifier": "",
    "country": "IT",
    "location": { "type": "Point", "coordinates": [13.9279015, 42.0431788] }
  },
  {
    "state": "Abruzzo",
    "town": "Atessa",
    "postalcode": 66020,
    "county": "Ch",
    "name": "Ospedale Civile",
    "street": "Via Ianico 1",
    "email": "",
    "domainIdentifier": "",
    "country": "IT",
    "location": { "type": "Point", "coordinates": [14.4489025, 42.0718059] }
  },
  {
    "state": "Abruzzo",
    "town": "Chieti",
    "postalcode": 66100,
    "county": "Ch",
    "name": "Ospedale Clinicizzato San Liberatore",
    "street": "Via Valignani Angolo Via Tiro a Segno",
    "email": "",
    "domainIdentifier": "",
    "country": "IT",
    "location": { "type": "Point", "coordinates": [14.1659738, 42.3446529] }
  },
  {
    "state": "Abruzzo",
    "town": "Lanciano",
    "postalcode": 66034,
    "county": "Ch",
    "name": "Ospedale Civile",
    "street": "Via Del mare 1",
    "email": "",
    "domainIdentifier": "",
    "country": "IT",
    "location": { "type": "Point", "coordinates": [14.397691602785576, 42.23014925] }
  },
  {
    "state": "Abruzzo",
    "town": "Vasto",
    "postalcode": 66054,
    "county": "Ch",
    "name": "Ospedale Civile",
    "street": "Via Ciccarone",
    "email": "",
    "domainIdentifier": "",
    "country": "IT",
    "location": { "type": "Point", "coordinates": [14.705923, 42.12434] }
  },
  {
    "state": "Abruzzo",
    "town": "Penne",
    "postalcode": 82761,
    "county": "Pe",
    "name": "Ospedale San Massimo",
    "street": "Via Battaglione Alpini 1",
    "email": "",
    "domainIdentifier": "",
    "country": "IT",
    "location": { "type": "Point", "coordinates": [13.9273256, 42.4582153] }
  },
  {
    "state": "Abruzzo",
    "town": "Pescara",
    "postalcode": 65124,
    "county": "Pe",
    "name": "Ospedale Civile Dello Spirito Santo",
    "street": "Via Fonte Romana 8",
    "email": "",
    "domainIdentifier": "",
    "country": "IT",
    "location": { "type": "Point", "coordinates": [14.197452421261396, 42.463801399999994] }
  },
  {
    "state": "Abruzzo",
    "town": "Popoli",
    "postalcode": 66125,
    "county": "Pe",
    "name": "Ospedale Civile",
    "street": "Via Saffi 118",
    "email": "",
    "domainIdentifier": "",
    "country": "IT",
    "location": { "type": "Point", "coordinates": [13.8318255, 42.1747704] }
  },
  {
    "state": "Abruzzo",
    "town": "Atri",
    "postalcode": 64032,
    "county": "Te",
    "name": "Ospedale San Liberatore",
    "street": "Viale Risorgimento",
    "email": "",
    "domainIdentifier": "",
    "country": "IT",
    "location": { "type": "Point", "coordinates": [13.9847745, 42.5779016] }
  },
  {
    "state": "Abruzzo",
    "town": "Sant'omero",
    "postalcode": 64027,
    "county": "Te",
    "name": "Ospedale Val Vibrata",
    "street": "Contrada allla Salara 56",
    "email": "",
    "domainIdentifier": "",
    "country": "IT",
    "location": { "type": "Point", "coordinates": [13.8017638, 42.7866721] }
  },
  {
    "state": "Abruzzo",
    "town": "Teramo",
    "postalcode": 64100,
    "county": "Te",
    "name": "Ospedale Giuseppe Mazzini",
    "street": "Piazza Italia 1",
    "email": "",
    "domainIdentifier": "",
    "country": "IT",
    "location": { "type": "Point", "coordinates": [14.039596030058565, 42.6468299] }
  },
  {
    "state": "Basilicata",
    "town": "Matera",
    "postalcode": 75100,
    "county": "Mt",
    "name": "Ospedale Madonna Delle Grazie",
    "street": "Contrada Cattedra Ambulante",
    "email": "",
    "domainIdentifier": "",
    "country": "IT",
    "location": { "type": "Point", "coordinates": [16.601585, 40.668523] }
  },
  {
    "state": "Basilicata",
    "town": "Potenza",
    "postalcode": 85101,
    "county": "Pz",
    "name": "Ospedale San Carlo",
    "street": "Contrada Macchia Romana",
    "email": "",
    "domainIdentifier": "",
    "country": "IT",
    "location": { "type": "Point", "coordinates": [15.806281, 40.651872] }
  },
  {
    "state": "Basilicata",
    "town": "Rionero In Volture",
    "postalcode": 85101,
    "county": "Pz",
    "name": "Irccs Crob",
    "street": "Via Padre Pio 1",
    "email": "",
    "domainIdentifier": "",
    "country": "IT",
    "location": { "type": "Point", "coordinates": [15.802207, 40.638404] }
  },
  {
    "state": "Calabria",
    "town": "Cosenza",
    "postalcode": 87100,
    "county": "Cs",
    "name": "Ospedale Civile Dell'annunziata",
    "street": "Via Felice Migliori 1",
    "email": "",
    "domainIdentifier": "",
    "country": "IT",
    "location": { "type": "Point", "coordinates": [16.24936, 39.292967] }
  },
  {
    "state": "Calabria",
    "town": "Catanzaro",
    "postalcode": 88100,
    "county": "Cz",
    "name": "Azienda Ospedaliera Pugliese Ciaccio",
    "street": "Via Vinicio Cortese 10",
    "email": "",
    "domainIdentifier": "",
    "country": "IT",
    "location": { "type": "Point", "coordinates": [16.3126198, 38.9582497] }
  },
  {
    "state": "Calabria",
    "town": "Polistena",
    "postalcode": 89024,
    "county": "Rc",
    "name": "Ospedale Santa Maria Degli Ungeresi",
    "street": "Via Montegrappa",
    "email": "",
    "domainIdentifier": "",
    "country": "IT",
    "location": { "type": "Point", "coordinates": [16.0766895, 38.409031] }
  },
  {
    "state": "Calabria",
    "town": "Reggio Calabria",
    "postalcode": 89024,
    "county": "Rc",
    "name": "Ospedale Bianchi Melacrino Morelli",
    "street": "Via Melacrino Giuseppe 21",
    "email": "",
    "domainIdentifier": "",
    "country": "IT",
    "location": { "type": "Point", "coordinates": [15.6581187, 38.1147285] }
  },
  {
    "state": "Campania",
    "town": "Benevento",
    "postalcode": 82100,
    "county": "Bn",
    "name": "Ospedale Civile Rummo Di Benevento",
    "street": "Via Pacevecchia 53",
    "email": "",
    "domainIdentifier": "",
    "country": "IT",
    "location": { "type": "Point", "coordinates": [14.79327, 41.120187] }
  },
  {
    "state": "Campania",
    "town": "Benevento",
    "postalcode": 82100,
    "county": "Bn",
    "name": "Ospedale Sacro Cuore Di Gesu' - Fatebenefratelli",
    "street": "Via Principe di Napoli 14",
    "email": "",
    "domainIdentifier": "",
    "country": "IT",
    "location": { "type": "Point", "coordinates": [14.7030885, 41.1411049] }
  },
  {
    "state": "Campania",
    "town": "Maddaloni",
    "postalcode": 81024,
    "county": "Ce",
    "name": "Ospedale Civile Maddaloni",
    "street": "Via Liberta'",
    "email": "",
    "domainIdentifier": "",
    "country": "IT",
    "location": { "type": "Point", "coordinates": [14.3792066, 41.0398815] }
  },
  {
    "state": "Campania",
    "town": "Frattaminore",
    "postalcode": 80020,
    "county": "Na",
    "name": "Ospedale San Giovanni Di Dio",
    "street": "Via Pirozzi",
    "email": "",
    "domainIdentifier": "",
    "country": "IT",
    "location": { "type": "Point", "coordinates": [14.270948, 40.9557397] }
  },
  {
    "state": "Campania",
    "town": "Mugnano Di Napoli",
    "postalcode": 80018,
    "county": "Na",
    "name": "Ospedale Villa Dei Fiori - Asl Na2",
    "street": "Corso Italia 110",
    "email": "",
    "domainIdentifier": "",
    "country": "IT",
    "location": { "type": "Point", "coordinates": [14.1959613, 40.9110392] }
  },
  {
    "state": "Campania",
    "town": "Napoli",
    "postalcode": 80131,
    "county": "Na",
    "name": "Istituto Nazionale Per La Cura E Studio Tumori - Fondazione Pascale",
    "street": "Via Mariano Semmola 3",
    "email": "",
    "domainIdentifier": "",
    "country": "IT",
    "location": { "type": "Point", "coordinates": [14.2215633, 40.8615674] }
  },
  {
    "state": "Campania",
    "town": "Napoli",
    "postalcode": 80131,
    "county": "Na",
    "name": "Azienda Ospedaliera Antonio Cardarelli",
    "street": "Via Cardarelli 9",
    "email": "",
    "domainIdentifier": "",
    "country": "IT",
    "location": { "type": "Point", "coordinates": [14.2487679, 40.8358846] }
  },
  {
    "state": "Campania",
    "town": "Napoli",
    "postalcode": 80131,
    "county": "Na",
    "name": "Azienda Ospedaliera Universitaria Federico Ii",
    "street": "Via Pansini",
    "email": "",
    "domainIdentifier": "",
    "country": "IT",
    "location": { "type": "Point", "coordinates": [14.2487679, 40.8358846] }
  },
  {
    "state": "Campania",
    "town": "Torre Del Greco",
    "postalcode": 80059,
    "county": "Na",
    "name": "Ospedale Maresca",
    "street": "Via Montedoro",
    "email": "",
    "domainIdentifier": "",
    "country": "IT",
    "location": { "type": "Point", "coordinates": [14.3820081, 40.7980893] }
  },
  {
    "state": "Campania",
    "town": "Pagani",
    "postalcode": 84016,
    "county": "Sa",
    "name": "Studio Medico Associato Madonna Del Carmelo",
    "street": "Piazza Bernardo D’Arezzo 9",
    "email": "",
    "domainIdentifier": "",
    "country": "IT",
    "location": { "type": "Point", "coordinates": [14.6133234, 40.7498877] }
  },
  {
    "state": "Campania",
    "town": "Salerno",
    "postalcode": 84131,
    "county": "Sa",
    "name": "Azienda Ospedaliera San Giovanni Di Dio E Ruggi D'aragona",
    "street": "Via San Leonardo",
    "email": "",
    "domainIdentifier": "",
    "country": "IT",
    "location": { "type": "Point", "coordinates": [14.8266404, 40.6490422] }
  },
  {
    "state": "Campania",
    "town": "Scafati",
    "postalcode": 84018,
    "county": "Sa",
    "name": "Distretto Sanitario Di Base",
    "street": "Via Passanti",
    "email": "",
    "domainIdentifier": "",
    "country": "IT",
    "location": { "type": "Point", "coordinates": [14.5248713, 40.7548737] }
  },
  {
    "state": "Emilia Romagna",
    "town": "Bazzano",
    "postalcode": 40053,
    "county": "Bo",
    "name": "Ospedale Di Bazzano",
    "street": "Viale Dei Martiri 1",
    "email": "",
    "domainIdentifier": "",
    "country": "IT",
    "location": { "type": "Point", "coordinates": [11.0889142, 44.5028204] }
  },
  {
    "state": "Emilia Romagna",
    "town": "Bentivoglio",
    "postalcode": 40010,
    "county": "Bo",
    "name": "Ospedale Consorziale Si Bentivoglio",
    "street": "Via G. Marconi 35",
    "email": "",
    "domainIdentifier": "",
    "country": "IT",
    "location": { "type": "Point", "coordinates": [11.4171933, 44.6357918] }
  },
  {
    "state": "Emilia Romagna",
    "town": "Bologna",
    "postalcode": 40133,
    "county": "Bo",
    "name": "Ospedale Maggiore Carlo Alberto Pizzardi",
    "street": "Largo Nigrisoli 2",
    "email": "",
    "domainIdentifier": "",
    "country": "IT",
    "location": { "type": "Point", "coordinates": [11.3157043, 44.5044458] }
  },
  {
    "state": "Emilia Romagna",
    "town": "Bologna",
    "postalcode": 40138,
    "county": "Bo",
    "name": "Ospedale Sant'orsola Malpighi",
    "street": "Via Pelagio Pelagi 9",
    "email": "",
    "domainIdentifier": "",
    "country": "IT",
    "location": { "type": "Point", "coordinates": [11.3426327, 44.4938203] }
  },
  {
    "state": "Emilia Romagna",
    "town": "Bologna",
    "postalcode": 40139,
    "county": "Bo",
    "name": "Ospedale Bellaria",
    "street": "Via Altura 3",
    "email": "",
    "domainIdentifier": "",
    "country": "IT",
    "location": { "type": "Point", "coordinates": [11.3904777, 44.4640703] }
  },
  {
    "state": "Emilia Romagna",
    "town": "Budrio",
    "postalcode": 40054,
    "county": "Bo",
    "name": "Ospedale Civile",
    "street": "Via Benni 44",
    "email": "",
    "domainIdentifier": "",
    "country": "IT",
    "location": { "type": "Point", "coordinates": [11.5354979, 44.537863] }
  },
  {
    "state": "Emilia Romagna",
    "town": "Imola",
    "postalcode": 40026,
    "county": "Bo",
    "name": "Ospedale Santa Maria Della Scaletta",
    "street": "Via Montericco 4",
    "email": "",
    "domainIdentifier": "",
    "country": "IT",
    "location": { "type": "Point", "coordinates": [11.6889618, 44.3578858] }
  },
  {
    "state": "Emilia Romagna",
    "town": "Molinella",
    "postalcode": 40062,
    "county": "Bo",
    "name": "Azienda Asl Bologna Nord - Centro Aistom",
    "street": "Via Circonvallazione 47",
    "email": "",
    "domainIdentifier": "",
    "country": "IT",
    "location": { "type": "Point", "coordinates": [11.6702371, 44.620853] }
  },
  {
    "state": "Emilia Romagna",
    "town": "Porretta Terme",
    "postalcode": 40046,
    "county": "Bo",
    "name": "Ospedale Costa",
    "street": "Via Oreste Zagnoni 5",
    "email": "",
    "domainIdentifier": "",
    "country": "IT",
    "location": { "type": "Point", "coordinates": [10.9703319, 44.1627008] }
  },
  {
    "state": "Emilia Romagna",
    "town": "San Giovanni In Persiceto",
    "postalcode": 40017,
    "county": "Bo",
    "name": "Ospedale Ss Salvatore",
    "street": "Via Enzo Palma 1",
    "email": "",
    "domainIdentifier": "",
    "country": "IT",
    "location": { "type": "Point", "coordinates": [11.1950145, 44.6321391] }
  },
  {
    "state": "Emilia Romagna",
    "town": "Argenta",
    "postalcode": 44011,
    "county": "Fe",
    "name": "Ospedale Civile Mazzolani Vandini",
    "street": "Via Nazionale 7",
    "email": "",
    "domainIdentifier": "",
    "country": "IT",
    "location": { "type": "Point", "coordinates": [11.7039893, 44.7189742] }
  },
  {
    "state": "Emilia Romagna",
    "town": "Cento",
    "postalcode": 44042,
    "county": "Fe",
    "name": "Ospedale Di Cento",
    "street": "Via Vicini 5",
    "email": "",
    "domainIdentifier": "",
    "country": "IT",
    "location": { "type": "Point", "coordinates": [11.2903029, 44.7274395] }
  },
  {
    "state": "Emilia Romagna",
    "town": "Copparo",
    "postalcode": 44034,
    "county": "Fe",
    "name": "Casa Della Salute Terre E Fiumi",
    "street": "Via Roma18",
    "email": "",
    "domainIdentifier": "",
    "country": "IT",
    "location": { "type": "Point", "coordinates": [11.8278892, 44.8941828] }
  },
  {
    "state": "Emilia Romagna",
    "town": "Ferrara",
    "postalcode": 44100,
    "county": "Fe",
    "name": "Casa Della Salute (ex Ospedlae Sant'anna)",
    "street": "Corso Giovecca 203",
    "email": "",
    "domainIdentifier": "",
    "country": "IT",
    "location": { "type": "Point", "coordinates": [11.6312663, 44.8328133] }
  },
  {
    "state": "Emilia Romagna",
    "town": "Lagosanto",
    "postalcode": 44023,
    "county": "Fe",
    "name": "Ospedale Del Delta",
    "street": "Via Valle Oppio 2",
    "email": "",
    "domainIdentifier": "",
    "country": "IT",
    "location": { "type": "Point", "coordinates": [12.1319949, 44.7677895] }
  },
  {
    "state": "Emilia Romagna",
    "town": "Portomaggiore",
    "postalcode": 44012,
    "county": "Fe",
    "name": "Casa Della Salute",
    "street": "Via De Amicis 22",
    "email": "",
    "domainIdentifier": "",
    "country": "IT",
    "location": { "type": "Point", "coordinates": [11.804078, 44.6992584] }
  },
  {
    "state": "Emilia Romagna",
    "town": "Cesena",
    "postalcode": 47023,
    "county": "Fc",
    "name": "Ospedale Civile Maurizio Bufalini",
    "street": "Viale Ghirotti 286",
    "email": "",
    "domainIdentifier": "",
    "country": "IT",
    "location": { "type": "Point", "coordinates": [12.2596753, 44.1345972] }
  },
  {
    "state": "Emilia Romagna",
    "town": "Forli'",
    "postalcode": 47100,
    "county": "Fc",
    "name": "Ospedale G.b. Morgagni Nuovo",
    "street": "Via Forlanini",
    "email": "",
    "domainIdentifier": "",
    "country": "IT",
    "location": { "type": "Point", "coordinates": [12.041273, 44.2227278] }
  },
  {
    "state": "Emilia Romagna",
    "town": "Baggiovara",
    "postalcode": 41126,
    "county": "Mo",
    "name": "Ospedale Civile S. Agostino-estense",
    "street": "Via P. Giardini 1355",
    "email": "",
    "domainIdentifier": "",
    "country": "IT",
    "location": { "type": "Point", "coordinates": [10.870978160665173, 44.607379550000005] }
  },
  {
    "state": "Emilia Romagna",
    "town": "Carpi",
    "postalcode": 41012,
    "county": "Mo",
    "name": "Ospedale Ramazzini",
    "street": "Via Molinari Guido 2",
    "email": "",
    "domainIdentifier": "",
    "country": "IT",
    "location": { "type": "Point", "coordinates": [10.8854523, 44.7835699] }
  },
  {
    "state": "Emilia Romagna",
    "town": "Modena",
    "postalcode": 41100,
    "county": "Mo",
    "name": "Azienda Ospededaliera Policlinico Universitario Degli Studi Di Modena",
    "street": "Via del Pozzo 71",
    "email": "",
    "domainIdentifier": "",
    "country": "IT",
    "location": { "type": "Point", "coordinates": [10.9410256, 44.6374932] }
  },
  {
    "state": "Emilia Romagna",
    "town": "Sassuolo",
    "postalcode": 41049,
    "county": "Mo",
    "name": "Ospedale Civile Di Sassuolo",
    "street": "Via Francesco Ruini 2",
    "email": "",
    "domainIdentifier": "",
    "country": "IT",
    "location": { "type": "Point", "coordinates": [10.7829023, 44.5409769] }
  },
  {
    "state": "Emilia Romagna",
    "town": "Piacenza",
    "postalcode": 29100,
    "county": "Pc",
    "name": "Ospedale Civile",
    "street": "Via Taverna 49",
    "email": "",
    "domainIdentifier": "",
    "country": "IT",
    "location": { "type": "Point", "coordinates": [9.6947461, 45.0534751] }
  },
  {
    "state": "Emilia Romagna",
    "town": "Parma",
    "postalcode": 43100,
    "county": "Pr",
    "name": "Azienda Ospedaliera Di Parma",
    "street": "Via Abbeveratoia 2",
    "email": "",
    "domainIdentifier": "",
    "country": "IT",
    "location": { "type": "Point", "coordinates": [10.3280833, 44.8013678] }
  },
  {
    "state": "Emilia Romagna",
    "town": "Faenza",
    "postalcode": 48018,
    "county": "Ra",
    "name": "Ospedale Degli Infermi",
    "street": "Viale Stradone 9",
    "email": "",
    "domainIdentifier": "",
    "country": "IT",
    "location": { "type": "Point", "coordinates": [11.8745337, 44.2875465] }
  },
  {
    "state": "Emilia Romagna",
    "town": "Lugo",
    "postalcode": 48022,
    "county": "Ra",
    "name": "Ospedale Di Lugo",
    "street": "Viale Dante 10",
    "email": "",
    "domainIdentifier": "",
    "country": "IT",
    "location": { "type": "Point", "coordinates": [11.919574530339219, 44.41627715] }
  },
  {
    "state": "Emilia Romagna",
    "town": "Ravenna",
    "postalcode": 48100,
    "county": "Ra",
    "name": "C.m.p. - Centro Di Medicina E Prevenzione",
    "street": "Via Fiume Abbandonato 134",
    "email": "",
    "domainIdentifier": "",
    "country": "IT",
    "location": { "type": "Point", "coordinates": [12.2017617, 44.4161414] }
  },
  {
    "state": "Emilia Romagna",
    "town": "Guastalla",
    "postalcode": 42016,
    "county": "Re",
    "name": "Ospedale Civile Di Guastalla",
    "street": "Via Donatori di Sangue 1",
    "email": "",
    "domainIdentifier": "",
    "country": "IT",
    "location": { "type": "Point", "coordinates": [10.6668892, 44.9205196] }
  },
  {
    "state": "Emilia Romagna",
    "town": "Reggio Emilia",
    "postalcode": 42100,
    "county": "Re",
    "name": "Arcispedale Santa Maria Nuova",
    "street": "Viale Risorgimento 80",
    "email": "",
    "domainIdentifier": "",
    "country": "IT",
    "location": { "type": "Point", "coordinates": [10.630091161251734, 44.6835679] }
  },
  {
    "state": "Emilia Romagna",
    "town": "Riccione",
    "postalcode": 47837,
    "county": "Rn",
    "name": "Ospedale Ceccarini",
    "street": "Viale Frosinone",
    "email": "",
    "domainIdentifier": "",
    "country": "IT",
    "location": { "type": "Point", "coordinates": [12.6488633, 43.9951767] }
  },
  {
    "state": "Emilia Romagna",
    "town": "Rimini",
    "postalcode": 47900,
    "county": "Rn",
    "name": "Ospedale Degli Infermi",
    "street": "Viale Luigi Settembrini 2",
    "email": "",
    "domainIdentifier": "",
    "country": "IT",
    "location": { "type": "Point", "coordinates": [12.5897482, 44.0429033] }
  },
  {
    "state": "Friuli Venezia Giulia",
    "town": "Gorizia",
    "postalcode": 34170,
    "county": "Go",
    "name": "Ospedale Civile",
    "street": "Via Fatebenefratelli 34",
    "email": "",
    "domainIdentifier": "",
    "country": "IT",
    "location": { "type": "Point", "coordinates": [13.6252288, 45.9441278] }
  },
  {
    "state": "Friuli Venezia Giulia",
    "town": "Maniago",
    "postalcode": 33085,
    "county": "Pn",
    "name": "Ospedale Civile Immacolata Concezione",
    "street": "Via Unità D'Italia 7",
    "email": "",
    "domainIdentifier": "",
    "country": "IT",
    "location": { "type": "Point", "coordinates": [12.713585452037183, 46.172368649999996] }
  },
  {
    "state": "Friuli Venezia Giulia",
    "town": "Pordenone",
    "postalcode": 33170,
    "county": "Pn",
    "name": "Azienda Ospedaliera Santa Maria Degli Angeli",
    "street": "Via Montereale 24",
    "email": "",
    "domainIdentifier": "",
    "country": "IT",
    "location": { "type": "Point", "coordinates": [12.653883625587156, 45.969011050000006] }
  },
  {
    "state": "Friuli Venezia Giulia",
    "town": "San Vito Al Tagliamento",
    "postalcode": 33078,
    "county": "Pn",
    "name": "Ospedale Civile",
    "street": "Via Savorgnano 2",
    "email": "",
    "domainIdentifier": "",
    "country": "IT",
    "location": { "type": "Point", "coordinates": [12.855550085519976, 45.91127005] }
  },
  {
    "state": "Friuli Venezia Giulia",
    "town": "Trieste",
    "postalcode": 34149,
    "county": "Ts",
    "name": "Ospedale Di Cattinara Istituto Di Clinica Urologica -universita' Studi Di Trieste",
    "street": "Strada di Fiume 447",
    "email": "",
    "domainIdentifier": "",
    "country": "IT",
    "location": { "type": "Point", "coordinates": [13.827527813975527, 45.633727199999996] }
  },
  {
    "state": "Friuli Venezia Giulia",
    "town": "Gemona",
    "postalcode": 33013,
    "county": "Ud",
    "name": "Ospedale Civile San Michele",
    "street": "Piazzale Rodolone 1",
    "email": "",
    "domainIdentifier": "",
    "country": "IT",
    "location": { "type": "Point", "coordinates": [13.1401049, 46.2770072] }
  },
  {
    "state": "Friuli Venezia Giulia",
    "town": "Latisana",
    "postalcode": 33053,
    "county": "Ud",
    "name": "Ospedale Civile",
    "street": "Via Sabbionera 45",
    "email": "",
    "domainIdentifier": "",
    "country": "IT",
    "location": { "type": "Point", "coordinates": [13.0017957, 45.7696004] }
  },
  {
    "state": "Friuli Venezia Giulia",
    "town": "Palmanova",
    "postalcode": 33057,
    "county": "Ud",
    "name": "Ospedale Di Palmanova",
    "street": "Via Natisone 11- Frazione Jalmicco",
    "email": "",
    "domainIdentifier": "",
    "country": "IT",
    "location": { "type": "Point", "coordinates": [13.3099318, 45.9054635] }
  },
  {
    "state": "Friuli Venezia Giulia",
    "town": "San Daniele Del Friuli",
    "postalcode": 33038,
    "county": "Ud",
    "name": "Ospedale Sant'antonio",
    "street": "Via Trento e Trieste 33",
    "email": "",
    "domainIdentifier": "",
    "country": "IT",
    "location": { "type": "Point", "coordinates": [13.02187583988541, 46.1686201] }
  },
  {
    "state": "Friuli Venezia Giulia",
    "town": "Tolmezzo",
    "postalcode": 33028,
    "county": "Ud",
    "name": "Ospedale Sant'antonio Abate",
    "street": "Via Papa Giovanni XXIII1",
    "email": "",
    "domainIdentifier": "",
    "country": "IT",
    "location": { "type": "Point", "coordinates": [13.0158357, 46.4053676] }
  },
  {
    "state": "Friuli Venezia Giulia",
    "town": "Udine",
    "postalcode": 33100,
    "county": "Ud",
    "name": "Azienda Ospedaliera Santa Maria Della Misericordia",
    "street": "Piazzale S.Maria della Misericordia 11",
    "email": "",
    "domainIdentifier": "",
    "country": "IT",
    "location": { "type": "Point", "coordinates": [13.2299361, 46.0763899] }
  },
  {
    "state": "Lazio",
    "town": "Ariccia",
    "postalcode": 41,
    "county": "Rm",
    "name": "Nuovo Ospedale Dei Castelli",
    "street": "Via Nettunense Km 11",
    "email": "",
    "domainIdentifier": "5",
    "country": "IT",
    "location": { "type": "Point", "coordinates": [12.639370129817706, 41.7090447] }
  },
  {
    "state": "Lazio",
    "town": "Frosinone",
    "postalcode": 3100,
    "county": "Rm",
    "name": "Ospedale Spaziani",
    "street": "VIA ARMANDO FABI 5",
    "email": "",
    "domainIdentifier": "",
    "country": "IT",
    "location": { "type": "Point", "coordinates": [13.3236381, 41.636224] }
  },
  {
    "state": "Lazio",
    "town": "Ostia",
    "postalcode": 122,
    "county": "Rm",
    "name": "Ospedale Grassi",
    "street": "Via Passeroni 28",
    "email": "",
    "domainIdentifier": "",
    "country": "IT",
    "location": { "type": "Point", "coordinates": [12.285744222370944, 41.753654] }
  },
  {
    "state": "Lazio",
    "town": "Roma",
    "postalcode": 152,
    "county": "Rm",
    "name": "Ospedale San Camillo Forlanini",
    "street": "Via Circonvallazione Gianicolense 87",
    "email": "",
    "domainIdentifier": "",
    "country": "IT",
    "location": { "type": "Point", "coordinates": [12.4829321, 41.8933203] }
  },
  {
    "state": "Lazio",
    "town": "Roma",
    "postalcode": 161,
    "county": "Rm",
    "name": "Ospedale Umberto I Universita' La Sapienza",
    "street": "Viale del Policlinico 155",
    "email": "",
    "domainIdentifier": "",
    "country": "IT",
    "location": { "type": "Point", "coordinates": [12.5079143, 41.9090798] }
  },
  {
    "state": "Lazio",
    "town": "Roma",
    "postalcode": 157,
    "county": "Rm",
    "name": "Sandro Pertini",
    "street": "Via dei Monti Tiburtini385",
    "email": "",
    "domainIdentifier": " 00157 Roma RM",
    "country": "IT",
    "location": { "type": "Point", "coordinates": [12.4829321, 41.8933203] }
  },
  {
    "state": "Lazio",
    "town": "Roma",
    "postalcode": 155,
    "county": "Rm",
    "name": "Univerista' Campus Biomedico",
    "street": "Via A.De Portillo. 200",
    "email": "",
    "domainIdentifier": "",
    "country": "IT",
    "location": { "type": "Point", "coordinates": [12.4829321, 41.8933203] }
  },
  {
    "state": "Lazio",
    "town": "Roma",
    "postalcode": 189,
    "county": "Rm",
    "name": "Ospedale Sant'andrea",
    "street": "Via di Grottarossa 1035",
    "email": "",
    "domainIdentifier": "",
    "country": "IT",
    "location": { "type": "Point", "coordinates": [12.4740284, 41.9812516] }
  },
  {
    "state": "Lazio",
    "town": "Roma",
    "postalcode": 168,
    "county": "Rm",
    "name": "Ospedale Policlinico Gemelli",
    "street": "Largo Agostino Gemelli 8",
    "email": "",
    "domainIdentifier": "",
    "country": "IT",
    "location": { "type": "Point", "coordinates": [12.4286602, 41.9297606] }
  },
  {
    "state": "Lazio",
    "town": "Roma",
    "postalcode": 135,
    "county": "Rm",
    "name": "Ospedale San Filippo Neri",
    "street": "Via Martinotti 20",
    "email": "",
    "domainIdentifier": "",
    "country": "IT",
    "location": { "type": "Point", "coordinates": [12.4829321, 41.8933203] }
  },
  {
    "state": "Lazio",
    "town": "Roma",
    "postalcode": 144,
    "county": "Rm",
    "name": "Ospedale San Eugenio",
    "street": "Piazzale Dell'Umanesimo",
    "email": "",
    "domainIdentifier": "",
    "country": "IT",
    "location": { "type": "Point", "coordinates": [12.472131, 41.8227714] }
  },
  {
    "state": "Lazio",
    "town": "Roma",
    "postalcode": 184,
    "county": "Rm",
    "name": "Ospedale San Giovanni Addolorata",
    "street": "Via San Giovanni in Laterano 149/155",
    "email": "",
    "domainIdentifier": "",
    "country": "IT",
    "location": { "type": "Point", "coordinates": [12.4829321, 41.8933203] }
  },
  {
    "state": "Lazio",
    "town": "Roma",
    "postalcode": 184,
    "county": "Rm",
    "name": "Ospedale San Pietro Fatebenefratelli",
    "street": "Via Cassia 600",
    "email": "",
    "domainIdentifier": "",
    "country": "IT",
    "location": { "type": "Point", "coordinates": [12.3726547, 42.0545812] }
  },
  {
    "state": "Lazio",
    "town": "Roma",
    "postalcode": 184,
    "county": "Rm",
    "name": "Ospedale Sant'andrea",
    "street": "Via di Grottarossa 1035",
    "email": "",
    "domainIdentifier": "",
    "country": "IT",
    "location": { "type": "Point", "coordinates": [12.4740284, 41.9812516] }
  },
  {
    "state": "Lazio",
    "town": "Velletri",
    "postalcode": 49,
    "county": "Rm",
    "name": "Ospedale Velletri",
    "street": "Via Orti Ginnetti",
    "email": "",
    "domainIdentifier": "",
    "country": "IT",
    "location": { "type": "Point", "coordinates": [12.7798694, 41.6844119] }
  },
  {
    "state": "Lazio",
    "town": "Viterbo",
    "postalcode": 1101,
    "county": "Vt",
    "name": "Ospedale Belcolle",
    "street": "Strada Provinciale Sammartinese",
    "email": "",
    "domainIdentifier": "",
    "country": "IT",
    "location": { "type": "Point", "coordinates": [12.1051148, 42.4168441] }
  },
  {
    "state": "Liguria",
    "town": "Genova",
    "postalcode": 16128,
    "county": "Ge",
    "name": "Ospedali Galliera",
    "street": "Via Mura delle Capuccine 14",
    "email": "",
    "domainIdentifier": "",
    "country": "IT",
    "location": { "type": "Point", "coordinates": [8.9338624, 44.40726] }
  },
  {
    "state": "Liguria",
    "town": "Genova",
    "postalcode": 16132,
    "county": "Ge",
    "name": "Ospedale Policlinico San Martino",
    "street": "Largo Rosanna Benzi 10",
    "email": "",
    "domainIdentifier": "",
    "country": "IT",
    "location": { "type": "Point", "coordinates": [8.9743547, 44.4115363] }
  },
  {
    "state": "Liguria",
    "town": "Genova",
    "postalcode": 16149,
    "county": "Ge",
    "name": "Ospedale Villa Scassi",
    "street": "Corso Scassi 1",
    "email": "",
    "domainIdentifier": "",
    "country": "IT",
    "location": { "type": "Point", "coordinates": [8.896734127325178, 44.412895649999996] }
  },
  {
    "state": "Liguria",
    "town": "Imperia",
    "postalcode": 18100,
    "county": "Im",
    "name": "Ospedale Civile",
    "street": "Via Sant'Agata 31",
    "email": "",
    "domainIdentifier": "",
    "country": "IT",
    "location": { "type": "Point", "coordinates": [8.0315195, 43.8916706] }
  },
  {
    "state": "Liguria",
    "town": "La Spezia",
    "postalcode": 19125,
    "county": "Sp",
    "name": "Ambulatorio Stomie C/o Distretto Asl",
    "street": "Via Bragarina",
    "email": "",
    "domainIdentifier": "",
    "country": "IT",
    "location": { "type": "Point", "coordinates": [9.847462, 44.1173915] }
  },
  {
    "state": "Liguria",
    "town": "Sarzana",
    "postalcode": 19038,
    "county": "Sp",
    "name": "Ospedale San Bartolomeo",
    "street": "Via Cisa Sud Località S. Caterina",
    "email": "",
    "domainIdentifier": "",
    "country": "IT",
    "location": { "type": "Point", "coordinates": [9.9587463, 44.1118716] }
  },
  {
    "state": "Liguria",
    "town": "Pietra Ligure",
    "postalcode": 17027,
    "county": "Sv",
    "name": "Ospedale Santa Corona",
    "street": "Via XXV Aprile 128",
    "email": "",
    "domainIdentifier": "",
    "country": "IT",
    "location": { "type": "Point", "coordinates": [8.2764193, 44.1453416] }
  },
  {
    "state": "Liguria",
    "town": "Savona",
    "postalcode": 17100,
    "county": "Sv",
    "name": "Ospedale San Paolo",
    "street": "Via Genova 30 Località Valloria",
    "email": "",
    "domainIdentifier": "",
    "country": "IT",
    "location": { "type": "Point", "coordinates": [8.4810315, 44.3080251] }
  },
  {
    "state": "Lombardia",
    "town": "Bergamo",
    "postalcode": 24100,
    "county": "Bg",
    "name": "Ospedale Papa Giovanni Xxiii",
    "street": "Piazza Oms",
    "email": "",
    "domainIdentifier": "",
    "country": "IT",
    "location": { "type": "Point", "coordinates": [9.638849197159313, 45.687040100000004] }
  },
  {
    "state": "Lombardia",
    "town": "Bergamo",
    "postalcode": 24125,
    "county": "Bg",
    "name": "Cliniche Gavazzeni",
    "street": "Via M. Gavazzeni 21",
    "email": "",
    "domainIdentifier": "",
    "country": "IT",
    "location": { "type": "Point", "coordinates": [9.6698727, 45.6944947] }
  },
  {
    "state": "Lombardia",
    "town": "Seriate",
    "postalcode": 24068,
    "county": "Bg",
    "name": "Ospedale Bolognini",
    "street": "Via Paderno 21",
    "email": "",
    "domainIdentifier": "",
    "country": "IT",
    "location": { "type": "Point", "coordinates": [9.7175799, 45.6831287] }
  },
  {
    "state": "Lombardia",
    "town": "Alzano Lombardo",
    "postalcode": 24022,
    "county": "Bg",
    "name": "Ospedale Pesenti Fenaroli",
    "street": "Via Mazzini 88",
    "email": "",
    "domainIdentifier": "",
    "country": "IT",
    "location": { "type": "Point", "coordinates": [9.730494, 45.7336026] }
  },
  {
    "state": "Lombardia",
    "town": "Treviglio",
    "postalcode": 24047,
    "county": "Bg",
    "name": "Ospedale Caravaggio",
    "street": "Piazzalle Ospedale 1",
    "email": "",
    "domainIdentifier": "",
    "country": "IT",
    "location": { "type": "Point", "coordinates": [9.5931485, 45.5217245] }
  },
  {
    "state": "Lombardia",
    "town": "Brescia",
    "postalcode": 25123,
    "county": "Bs",
    "name": "Ospedali Civili",
    "street": "Piazzale Spedali Civili 1",
    "email": "",
    "domainIdentifier": "",
    "country": "IT",
    "location": { "type": "Point", "coordinates": [10.231261014351258, 45.55746175] }
  },
  {
    "state": "Lombardia",
    "town": "Brescia",
    "postalcode": 25123,
    "county": "Bs",
    "name": "Poliambulanza",
    "street": "Via Bissolati",
    "email": "",
    "domainIdentifier": "",
    "country": "IT",
    "location": { "type": "Point", "coordinates": [10.2200214, 45.5398022] }
  },
  {
    "state": "Lombardia",
    "town": "Chiari",
    "postalcode": 25032,
    "county": "Bs",
    "name": "Ospedale Civile",
    "street": "Viale Mazzini",
    "email": "",
    "domainIdentifier": "",
    "country": "IT",
    "location": { "type": "Point", "coordinates": [9.9317182, 45.5387633] }
  },
  {
    "state": "Lombardia",
    "town": "Desenzano Del Garda",
    "postalcode": 25015,
    "county": "Bs",
    "name": "Azienda Ospedaliera Di Desenzano Del Garda",
    "street": "Via Monte Croce 1",
    "email": "",
    "domainIdentifier": "",
    "country": "IT",
    "location": { "type": "Point", "coordinates": [10.5260713, 45.4695411] }
  },
  {
    "state": "Lombardia",
    "town": "Manerbio",
    "postalcode": 25025,
    "county": "Bs",
    "name": "Ospedale Di Manerbio",
    "street": "Lungomella Valsecchi 2",
    "email": "",
    "domainIdentifier": "",
    "country": "IT",
    "location": { "type": "Point", "coordinates": [10.13517, 45.355777] }
  },
  {
    "state": "Lombardia",
    "town": "San Fermo Della Battaglia",
    "postalcode": 22100,
    "county": "Co",
    "name": "Ospedale Sant'anna",
    "street": "Via Ravona",
    "email": "",
    "domainIdentifier": "",
    "country": "IT",
    "location": { "type": "Point", "coordinates": [9.0404433, 45.8020103] }
  },
  {
    "state": "Lombardia",
    "town": "Como",
    "postalcode": 22100,
    "county": "Co",
    "name": "Osp. Valduce (privato)",
    "street": "Via Dante Alighieri 11",
    "email": "",
    "domainIdentifier": "",
    "country": "IT",
    "location": { "type": "Point", "coordinates": [9.0856821, 45.811802] }
  },
  {
    "state": "Lombardia",
    "town": "Casalmaggiore",
    "postalcode": 26041,
    "county": "Cr",
    "name": "Ospedale Di Oglio Po",
    "street": "Via Staffolo 51",
    "email": "",
    "domainIdentifier": "",
    "country": "IT",
    "location": { "type": "Point", "coordinates": [10.4596895, 44.974574] }
  },
  {
    "state": "Lombardia",
    "town": "Crema",
    "postalcode": 26013,
    "county": "Cr",
    "name": "Ospedale Maggiore",
    "street": "Via Macallè 14",
    "email": "",
    "domainIdentifier": "",
    "country": "IT",
    "location": { "type": "Point", "coordinates": [9.6821263, 45.3463622] }
  },
  {
    "state": "Lombardia",
    "town": "Cremona",
    "postalcode": 26100,
    "county": "Cr",
    "name": "Ospedale Civile Di Cremona",
    "street": "Viale Concordia 1",
    "email": "",
    "domainIdentifier": "",
    "country": "IT",
    "location": { "type": "Point", "coordinates": [10.0513623, 45.1289833] }
  },
  {
    "state": "Lombardia",
    "town": "Lodi",
    "postalcode": 26900,
    "county": "Lo",
    "name": "Azienda Ospedaliera Della Provincia Di Lodi",
    "street": "Viale Savoia 4",
    "email": "",
    "domainIdentifier": "",
    "country": "IT",
    "location": { "type": "Point", "coordinates": [9.5106397, 45.3152168] }
  },
  {
    "state": "Lombardia",
    "town": "Desio",
    "postalcode": 20033,
    "county": "Mb",
    "name": "Asst Vimercate Ospedale Di Circolo",
    "street": "Via Mazzini 1",
    "email": "",
    "domainIdentifier": "",
    "country": "IT",
    "location": { "type": "Point", "coordinates": [9.19611647512958, 45.62648514999999] }
  },
  {
    "state": "Lombardia",
    "town": "Monza",
    "postalcode": 20052,
    "county": "Mb",
    "name": "Ospedale San Gerardo Nuovo",
    "street": "Via Donizetti 116",
    "email": "",
    "domainIdentifier": "",
    "country": "IT",
    "location": { "type": "Point", "coordinates": [9.2634641, 45.6337015] }
  },
  {
    "state": "Lombardia",
    "town": "Cinisello Balsamo",
    "postalcode": 20092,
    "county": "Mi",
    "name": "Ospedale Bassini",
    "street": "Via Gorki 50",
    "email": "",
    "domainIdentifier": "",
    "country": "IT",
    "location": { "type": "Point", "coordinates": [9.2143166, 45.5560589] }
  },
  {
    "state": "Lombardia",
    "town": "Garbagnate",
    "postalcode": 20020,
    "county": "Mi",
    "name": "Ospedale Guido Salvini",
    "street": "Viale Forlanini 121",
    "email": "",
    "domainIdentifier": "",
    "country": "IT",
    "location": { "type": "Point", "coordinates": [9.0963565, 45.5783114] }
  },
  {
    "state": "Lombardia",
    "town": "Legnano",
    "postalcode": 20025,
    "county": "Mi",
    "name": "Ospedale Civile",
    "street": "Via Candiani 2",
    "email": "",
    "domainIdentifier": "",
    "country": "IT",
    "location": { "type": "Point", "coordinates": [8.9183595, 45.5946985] }
  },
  {
    "state": "Lombardia",
    "town": "Magenta",
    "postalcode": 20010,
    "county": "Mi",
    "name": "Ospedale Fornaroli Di Magenta",
    "street": "Via al Donatore di Sangue 50",
    "email": "",
    "domainIdentifier": "",
    "country": "IT",
    "location": { "type": "Point", "coordinates": [8.893602941438841, 45.47112835] }
  },
  {
    "state": "Lombardia",
    "town": "Melegnano Vizzolo Predabissi",
    "postalcode": 20077,
    "county": "Mi",
    "name": "Presidio Ospedaliero",
    "street": "Strada Pandina 1",
    "email": "",
    "domainIdentifier": "",
    "country": "IT",
    "location": { "type": "Point", "coordinates": [9.34076372535244, 45.3582982] }
  },
  {
    "state": "Lombardia",
    "town": "Melzo",
    "postalcode": 20066,
    "county": "Mi",
    "name": "Ospedale Santa Maria Delle Stelle",
    "street": "Via Volontari del Sangue 5",
    "email": "",
    "domainIdentifier": "",
    "country": "IT",
    "location": { "type": "Point", "coordinates": [9.4276112, 45.5077088] }
  },
  {
    "state": "Lombardia",
    "town": "Milano",
    "postalcode": 20121,
    "county": "Mi",
    "name": "Ospedale Fatebenefratelli",
    "street": "Corso Porta Nuova 23",
    "email": "",
    "domainIdentifier": "",
    "country": "IT",
    "location": { "type": "Point", "coordinates": [9.1921552, 45.4789063] }
  },
  {
    "state": "Lombardia",
    "town": "Milano",
    "postalcode": 20122,
    "county": "Mi",
    "name": "Ospedale Maggiore Policlinico",
    "street": "Via Francesco Sforza 35",
    "email": "",
    "domainIdentifier": "",
    "country": "IT",
    "location": { "type": "Point", "coordinates": [9.1948123, 45.4590053] }
  },
  {
    "state": "Lombardia",
    "town": "Milano",
    "postalcode": 20123,
    "county": "Mi",
    "name": "Ospedale San Giuseppe",
    "street": "Via San Vittore 12",
    "email": "",
    "domainIdentifier": "",
    "country": "IT",
    "location": { "type": "Point", "coordinates": [9.171898283668835, 45.4634845] }
  },
  {
    "state": "Lombardia",
    "town": "Milano",
    "postalcode": 20142,
    "county": "Mi",
    "name": "Ospedale San Paolo",
    "street": "Via Rudinì 8",
    "email": "",
    "domainIdentifier": "",
    "country": "IT",
    "location": { "type": "Point", "coordinates": [9.1896346, 45.4641943] }
  },
  {
    "state": "Lombardia",
    "town": "Milano",
    "postalcode": 20141,
    "county": "Mi",
    "name": "Istituto Europeo Di Oncologia",
    "street": "Via Ripamonti 435",
    "email": "",
    "domainIdentifier": "",
    "country": "IT",
    "location": { "type": "Point", "coordinates": [9.1896346, 45.4641943] }
  },
  {
    "state": "Lombardia",
    "town": "Milano",
    "postalcode": 20132,
    "county": "Mi",
    "name": "Ospedale San Raffaele",
    "street": "Via Olgettina 60",
    "email": "",
    "domainIdentifier": "",
    "country": "IT",
    "location": { "type": "Point", "coordinates": [9.2670046, 45.5097542] }
  },
  {
    "state": "Lombardia",
    "town": "Milano",
    "postalcode": 20157,
    "county": "Mi",
    "name": "Ospedale Sacco",
    "street": "Via Giovanni Battista Grassi 74",
    "email": "",
    "domainIdentifier": "",
    "country": "IT",
    "location": { "type": "Point", "coordinates": [9.1207543, 45.5168902] }
  },
  {
    "state": "Lombardia",
    "town": "Milano",
    "postalcode": 20162,
    "county": "Mi",
    "name": "Ospedale Niguarda",
    "street": "Piazza Ospedale Maggiore 3",
    "email": "",
    "domainIdentifier": "",
    "country": "IT",
    "location": { "type": "Point", "coordinates": [9.190207900577601, 45.5114869] }
  },
  {
    "state": "Lombardia",
    "town": "Rho",
    "postalcode": 20017,
    "county": "Mi",
    "name": "Ospedale Di Circolo",
    "street": "Corso Europa 250",
    "email": "",
    "domainIdentifier": "",
    "country": "IT",
    "location": { "type": "Point", "coordinates": [9.034371727539934, 45.5345181] }
  },
  {
    "state": "Lombardia",
    "town": "Rozzano",
    "postalcode": 20089,
    "county": "Mi",
    "name": "Istituto Clinico Humanitas",
    "street": "Via Manzoni 56",
    "email": "",
    "domainIdentifier": "",
    "country": "IT",
    "location": { "type": "Point", "coordinates": [9.1541309, 45.3832366] }
  },
  {
    "state": "Lombardia",
    "town": "Mantova",
    "postalcode": 46100,
    "county": "Mn",
    "name": "Azienda Ospedaliera Carlo Poma",
    "street": "Via Albertoni. 1",
    "email": "",
    "domainIdentifier": "",
    "country": "IT",
    "location": { "type": "Point", "coordinates": [10.5795359, 45.1983592] }
  },
  {
    "state": "Lombardia",
    "town": "Pavia",
    "postalcode": 27100,
    "county": "Pv",
    "name": "Policlinico San Matteo",
    "street": "Viale Camillo Golgi 19",
    "email": "",
    "domainIdentifier": "",
    "country": "IT",
    "location": { "type": "Point", "coordinates": [9.1489552, 45.1961345] }
  },
  {
    "state": "Lombardia",
    "town": "Vigevano",
    "postalcode": 27029,
    "county": "Pv",
    "name": "Ospedale Civile",
    "street": "Corso Milano 19",
    "email": "",
    "domainIdentifier": "",
    "country": "IT",
    "location": { "type": "Point", "coordinates": [8.8753049, 45.3253646] }
  },
  {
    "state": "Lombardia",
    "town": "Voghera",
    "postalcode": 27058,
    "county": "Pv",
    "name": "Ospedale Civile",
    "street": "Via Volturno 14",
    "email": "",
    "domainIdentifier": "",
    "country": "IT",
    "location": { "type": "Point", "coordinates": [9.014579, 44.994727] }
  },
  {
    "state": "Lombardia",
    "town": "Sondalo",
    "postalcode": 23039,
    "county": "So",
    "name": "Azienda Ospedaliera Eugenio Morelli",
    "street": "Via Zubiani 33",
    "email": "",
    "domainIdentifier": "",
    "country": "IT",
    "location": { "type": "Point", "coordinates": [10.323546759689467, 46.33508114999999] }
  },
  {
    "state": "Lombardia",
    "town": "Sondrio",
    "postalcode": 23100,
    "county": "So",
    "name": "Azienda Ospedaliera Della Valtellina E Della Valchiavenna",
    "street": "Via Nazario Sauro 22",
    "email": "",
    "domainIdentifier": "",
    "country": "IT",
    "location": { "type": "Point", "coordinates": [9.8736128, 46.1682204] }
  },
  {
    "state": "Lombardia",
    "town": "Busto Arsizio",
    "postalcode": 21052,
    "county": "Va",
    "name": "Ospedale Di Circolo",
    "street": "Via A. Da Brescia 1",
    "email": "",
    "domainIdentifier": "",
    "country": "IT",
    "location": { "type": "Point", "coordinates": [8.8520522, 45.6119057] }
  },
  {
    "state": "Lombardia",
    "town": "Gallarate",
    "postalcode": 21013,
    "county": "Va",
    "name": "Azienda Ospedaliera San Antonio Abate",
    "street": "Via Pastori 4",
    "email": "",
    "domainIdentifier": "",
    "country": "IT",
    "location": { "type": "Point", "coordinates": [8.7932013, 45.6598951] }
  },
  {
    "state": "Lombardia",
    "town": "Luino",
    "postalcode": 21016,
    "county": "Va",
    "name": "Ospedale Luini Confalonieri",
    "street": "Via Forlanini 6",
    "email": "",
    "domainIdentifier": "",
    "country": "IT",
    "location": { "type": "Point", "coordinates": [8.739907, 45.9989084] }
  },
  {
    "state": "Lombardia",
    "town": "Sesto Calende",
    "postalcode": 21018,
    "county": "Va",
    "name": "Ospedale Di Sesto Calende",
    "street": "Largo C. Dell'Acqua 1",
    "email": "",
    "domainIdentifier": "",
    "country": "IT",
    "location": { "type": "Point", "coordinates": [8.6343618, 45.7239553] }
  },
  {
    "state": "Lombardia",
    "town": "Tradate",
    "postalcode": 21049,
    "county": "Va",
    "name": "Ospeale Galmarini",
    "street": "Piazza Zanaboni",
    "email": "",
    "domainIdentifier": "",
    "country": "IT",
    "location": { "type": "Point", "coordinates": [8.9041464, 45.7142931] }
  },
  {
    "state": "Lombardia",
    "town": "Varese",
    "postalcode": 21100,
    "county": "Va",
    "name": "Ospedale Di Circolo",
    "street": "Viale L. Borri n.57",
    "email": "",
    "domainIdentifier": "",
    "country": "IT",
    "location": { "type": "Point", "coordinates": [8.8263532, 45.817549] }
  },
  {
    "state": "Marche",
    "town": "Ancona",
    "postalcode": 60121,
    "county": "An",
    "name": "Ospedali Riuniti Di Ancona",
    "street": "Via Conca",
    "email": "",
    "domainIdentifier": "",
    "country": "IT",
    "location": { "type": "Point", "coordinates": [13.456616, 43.6097021] }
  },
  {
    "state": "Marche",
    "town": "Jesi",
    "postalcode": 60035,
    "county": "An",
    "name": "Ospedale Carlo Urbani",
    "street": "Via Aldo Moro",
    "email": "",
    "domainIdentifier": "",
    "country": "IT",
    "location": { "type": "Point", "coordinates": [13.2443764, 43.5219801] }
  },
  {
    "state": "Marche",
    "town": "Senigallia",
    "postalcode": 60019,
    "county": "An",
    "name": "Ospedale Civile",
    "street": "Via Benvenuto Cellini 1",
    "email": "",
    "domainIdentifier": "",
    "country": "IT",
    "location": { "type": "Point", "coordinates": [13.2111428, 43.7142815] }
  },
  {
    "state": "Marche",
    "town": "Ascoli Piceno",
    "postalcode": 63100,
    "county": "Ap",
    "name": "Ospedale Mazzoni",
    "street": "Via degli Iris 1",
    "email": "",
    "domainIdentifier": "",
    "country": "IT",
    "location": { "type": "Point", "coordinates": [13.617944, 42.8504945] }
  },
  {
    "state": "Marche",
    "town": "San Benedetto Del Tronto",
    "postalcode": 63039,
    "county": "Ap",
    "name": "Ospedale Madonna Del Soccorso",
    "street": "Via Luciano Manara 7",
    "email": "",
    "domainIdentifier": "",
    "country": "IT",
    "location": { "type": "Point", "coordinates": [13.8728838, 42.9490962] }
  },
  {
    "state": "Marche",
    "town": "Fermo",
    "postalcode": 63900,
    "county": "Fm",
    "name": "Ospedale Augusto Murri",
    "street": "Via Augusto Murri 15",
    "email": "",
    "domainIdentifier": "",
    "country": "IT",
    "location": { "type": "Point", "coordinates": [13.7060742, 43.1611625] }
  },
  {
    "state": "Marche",
    "town": "Civitanova Marche",
    "postalcode": 62012,
    "county": "Mc",
    "name": "Ospedale Di Civitanova Marche",
    "street": "Contrada San Domenico",
    "email": "",
    "domainIdentifier": "",
    "country": "IT",
    "location": { "type": "Point", "coordinates": [13.6741804, 43.3042647] }
  },
  {
    "state": "Molise",
    "town": "Macerata",
    "postalcode": 62100,
    "county": "Mc",
    "name": "Ospedale Generale Provinciale Di Macerata",
    "street": "Via Santa Lucia 2",
    "email": "",
    "domainIdentifier": "",
    "country": "IT",
    "location": { "type": "Point", "coordinates": [13.4535897, 43.3007275] }
  },
  {
    "state": "Molise",
    "town": "Matelica",
    "postalcode": 62024,
    "county": "Mc",
    "name": "Ospedale Enrico Mattei",
    "street": "Viale Europa 16",
    "email": "",
    "domainIdentifier": "",
    "country": "IT",
    "location": { "type": "Point", "coordinates": [13.0078628, 43.2482991] }
  },
  {
    "state": "Molise",
    "town": "Pesaro",
    "postalcode": 61121,
    "county": "Pu",
    "name": "Presidio Ospedaliero San Salvatore",
    "street": "Piazzale Carlo Cinelli 4",
    "email": "",
    "domainIdentifier": "",
    "country": "IT",
    "location": { "type": "Point", "coordinates": [12.9071655117071, 43.90741765] }
  },
  {
    "state": "Molise",
    "town": "Campobasso",
    "postalcode": 86100,
    "county": "Cb",
    "name": "Ospedale Univiversita' Cattolica Sacro Cuore",
    "street": "L.go A. Gemelli 1 Contrada Tappino",
    "email": "",
    "domainIdentifier": "",
    "country": "IT",
    "location": { "type": "Point", "coordinates": [14.6602725, 41.5597935] }
  },
  {
    "state": "Puglia",
    "town": "San Giovanni Rotondo",
    "postalcode": 71013,
    "county": "Fg",
    "name": "Ospedale Casa Sollievo Della Sofferenza",
    "street": "Piazza dei Martiri 5",
    "email": "",
    "domainIdentifier": "",
    "country": "IT",
    "location": { "type": "Point", "coordinates": [15.727254771606534, 41.7069151] }
  },
  {
    "state": "Piemonte",
    "town": "Acqui Terme",
    "postalcode": 15011,
    "county": "Al",
    "name": "Ospedale Monsignor Giovanni Galliano",
    "street": "Via Fatebenefratelli 1",
    "email": "",
    "domainIdentifier": "",
    "country": "IT",
    "location": { "type": "Point", "coordinates": [8.45078138323073, 44.68022435] }
  },
  {
    "state": "Piemonte",
    "town": "Alessandria",
    "postalcode": 15100,
    "county": "Al",
    "name": "Azienda Ospedaliera Nazionale Ss. Antonio E Biagio E Cesare Arrigo",
    "street": "Via Venezia 16",
    "email": "",
    "domainIdentifier": "",
    "country": "IT",
    "location": { "type": "Point", "coordinates": [8.6203714, 44.9153893] }
  },
  {
    "state": "Piemonte",
    "town": "Casale Monferrato",
    "postalcode": 15033,
    "county": "Al",
    "name": "Ospedale Santo Spirito",
    "street": "Viale Giovanni Giolitti2",
    "email": "",
    "domainIdentifier": "",
    "country": "IT",
    "location": { "type": "Point", "coordinates": [8.4498127, 45.1362661] }
  },
  {
    "state": "Piemonte",
    "town": "Castelnuovo Scrivia",
    "postalcode": 15053,
    "county": "Al",
    "name": "Distretto Asl",
    "street": "Piazza Vittorio Veneto 15",
    "email": "",
    "domainIdentifier": "",
    "country": "IT",
    "location": { "type": "Point", "coordinates": [8.8803561, 44.9802488] }
  },
  {
    "state": "Piemonte",
    "town": "Novi Ligure",
    "postalcode": 15067,
    "county": "Al",
    "name": "Ospedale San Giacomo",
    "street": "Via Edilio Raggio 13",
    "email": "",
    "domainIdentifier": "",
    "country": "IT",
    "location": { "type": "Point", "coordinates": [8.7940404, 44.7583828] }
  },
  {
    "state": "Piemonte",
    "town": "Tortona",
    "postalcode": 15057,
    "county": "Al",
    "name": "Ospedale Civile Ss Antonio E Margherita",
    "street": "Piazza Felice Cavallotti 7",
    "email": "",
    "domainIdentifier": "",
    "country": "IT",
    "location": { "type": "Point", "coordinates": [8.8626024, 44.8937542] }
  },
  {
    "state": "Piemonte",
    "town": "Asti",
    "postalcode": 14100,
    "county": "At",
    "name": "Ospedale Cardinal Massaia",
    "street": "Via Conte Verde 125",
    "email": "",
    "domainIdentifier": "",
    "country": "IT",
    "location": { "type": "Point", "coordinates": [8.1990288, 44.9040922] }
  },
  {
    "state": "Piemonte",
    "town": "Biella",
    "postalcode": 13900,
    "county": "Bi",
    "name": "Ospedale Nuovo Degli Infermi",
    "street": "Via Dei Ponderanesi 2",
    "email": "",
    "domainIdentifier": "",
    "country": "IT",
    "location": { "type": "Point", "coordinates": [8.0624296, 45.5439946] }
  },
  {
    "state": "Piemonte",
    "town": "Alba",
    "postalcode": 12050,
    "county": "Cn",
    "name": "Ospedale San Lazzaro",
    "street": "Via Pietrino Belli 26",
    "email": "",
    "domainIdentifier": "",
    "country": "IT",
    "location": { "type": "Point", "coordinates": [8.03093310906554, 44.699614249999996] }
  },
  {
    "state": "Piemonte",
    "town": "Cuneo",
    "postalcode": 12100,
    "county": "Cn",
    "name": "Distretto Asl Cn 1",
    "street": "Corso Francia 10",
    "email": "",
    "domainIdentifier": "",
    "country": "IT",
    "location": { "type": "Point", "coordinates": [7.531546884061208, 44.37606805] }
  },
  {
    "state": "Piemonte",
    "town": "Cuneo",
    "postalcode": 12100,
    "county": "Cn",
    "name": "Ospedale Santa Croce E Carle",
    "street": "Via Michele Coppino 26",
    "email": "",
    "domainIdentifier": "",
    "country": "IT",
    "location": { "type": "Point", "coordinates": [7.537054211756528, 44.385316700000004] }
  },
  {
    "state": "Piemonte",
    "town": "Fossano",
    "postalcode": 12045,
    "county": "Cn",
    "name": "Ospedale Ss Trinita'",
    "street": "Via Ospedale Maggiore 4",
    "email": "",
    "domainIdentifier": "",
    "country": "IT",
    "location": { "type": "Point", "coordinates": [7.7250155, 44.5493489] }
  },
  {
    "state": "Piemonte",
    "town": "Mondovi'",
    "postalcode": 12084,
    "county": "Cn",
    "name": "Nuovo Ospedale Regina Montis Regalis Mondovi'",
    "street": "Via S. Rocchetto 99",
    "email": "",
    "domainIdentifier": "",
    "country": "IT",
    "location": { "type": "Point", "coordinates": [7.8020432681236676, 44.39076935] }
  },
  {
    "state": "Piemonte",
    "town": "Saluzzo",
    "postalcode": 12037,
    "county": "Cn",
    "name": "Ospedale Civile Di Saluzzo",
    "street": "Via Spielberg 58",
    "email": "",
    "domainIdentifier": "",
    "country": "IT",
    "location": { "type": "Point", "coordinates": [7.495877, 44.6418962] }
  },
  {
    "state": "Piemonte",
    "town": "Savigliano",
    "postalcode": 12038,
    "county": "Cn",
    "name": "Ospedale Ss Annunziata",
    "street": "Via Ospedali 14",
    "email": "",
    "domainIdentifier": "",
    "country": "IT",
    "location": { "type": "Point", "coordinates": [7.6605167, 44.6435359] }
  },
  {
    "state": "Piemonte",
    "town": "Borgomanero",
    "postalcode": 28041,
    "county": "No",
    "name": "Ospedale Ss Trinità",
    "street": "Viale Zoppis 10",
    "email": "",
    "domainIdentifier": "",
    "country": "IT",
    "location": { "type": "Point", "coordinates": [8.459387900293626, 45.704564250000004] }
  },
  {
    "state": "Piemonte",
    "town": "Novara",
    "postalcode": 28100,
    "county": "No",
    "name": "Ospedale Maggiore Della Carita'",
    "street": "Corso Giuseppe Mazzini 18",
    "email": "",
    "domainIdentifier": "",
    "country": "IT",
    "location": { "type": "Point", "coordinates": [8.6221877, 45.4448697] }
  },
  {
    "state": "Piemonte",
    "town": "Candiolo",
    "postalcode": 10060,
    "county": "To",
    "name": "Ircc Candiolo",
    "street": "Strada Provinciale142 KM 3",
    "email": "",
    "domainIdentifier": "95",
    "country": "IT",
    "location": { "type": "Point", "coordinates": [7.601722, 44.959244] }
  },
  {
    "state": "Piemonte",
    "town": "Carmagnola",
    "postalcode": 10024,
    "county": "To",
    "name": "Ospedale San Lorenzo",
    "street": "Via Ospedale 13",
    "email": "",
    "domainIdentifier": "",
    "country": "IT",
    "location": { "type": "Point", "coordinates": [7.715868792968453, 44.8467884] }
  },
  {
    "state": "Piemonte",
    "town": "Chivasso",
    "postalcode": 10034,
    "county": "To",
    "name": "Ospedale Di Chivasso",
    "street": "Corso Galileo Ferraris 3",
    "email": "",
    "domainIdentifier": "",
    "country": "IT",
    "location": { "type": "Point", "coordinates": [7.904797, 45.1933504] }
  },
  {
    "state": "Piemonte",
    "town": "Cirie'",
    "postalcode": 10073,
    "county": "To",
    "name": "Ospedale Di Ciriè",
    "street": "Via Battitore 7/9",
    "email": "",
    "domainIdentifier": "",
    "country": "IT",
    "location": { "type": "Point", "coordinates": [7.5922518, 45.2310244] }
  },
  {
    "state": "Piemonte",
    "town": "Cuorgne'",
    "postalcode": 10082,
    "county": "To",
    "name": "Ospedale Civile",
    "street": "Piazza Mussatti 5",
    "email": "",
    "domainIdentifier": "",
    "country": "IT",
    "location": { "type": "Point", "coordinates": [7.6497694, 45.3873876] }
  },
  {
    "state": "Piemonte",
    "town": "Ivrea",
    "postalcode": 10015,
    "county": "To",
    "name": "Polambulatori Asl",
    "street": "Via Nathalia Ginsburg 7",
    "email": "",
    "domainIdentifier": "",
    "country": "IT",
    "location": { "type": "Point", "coordinates": [7.874797, 45.4673791] }
  },
  {
    "state": "Piemonte",
    "town": "Orbassano",
    "postalcode": 10043,
    "county": "To",
    "name": "Azienda Ospedaliera San Luigi",
    "street": "Regione Gonzole 10",
    "email": "",
    "domainIdentifier": "",
    "country": "IT",
    "location": { "type": "Point", "coordinates": [7.5571538, 45.0294529] }
  },
  {
    "state": "Piemonte",
    "town": "Pinerolo",
    "postalcode": 10064,
    "county": "To",
    "name": "Ospedale Edoardo Agnelli",
    "street": "Via Brigata Cagliari 39",
    "email": "",
    "domainIdentifier": "",
    "country": "IT",
    "location": { "type": "Point", "coordinates": [7.319631936707233, 44.88270285] }
  },
  {
    "state": "Piemonte",
    "town": "Rivoli",
    "postalcode": 10090,
    "county": "To",
    "name": "Ospedale Di Rivoli",
    "street": "Via Rivalta 29",
    "email": "",
    "domainIdentifier": "",
    "country": "IT",
    "location": { "type": "Point", "coordinates": [7.518755585677209, 45.06024825] }
  },
  {
    "state": "Piemonte",
    "town": "Torino",
    "postalcode": 10126,
    "county": "To",
    "name": "Azienda Ospedaliera Molinette",
    "street": "Corso Bramante 88",
    "email": "",
    "domainIdentifier": "",
    "country": "IT",
    "location": { "type": "Point", "coordinates": [7.6745153, 45.0416061] }
  },
  {
    "state": "Piemonte",
    "town": "Torino",
    "postalcode": 10128,
    "county": "To",
    "name": "Azienda Ospedaliera Ordine Mauriziano",
    "street": "Largo Filippo Turati 62",
    "email": "",
    "domainIdentifier": "",
    "country": "IT",
    "location": { "type": "Point", "coordinates": [7.6656893, 45.0504856] }
  },
  {
    "state": "Piemonte",
    "town": "Torino",
    "postalcode": 10154,
    "county": "To",
    "name": "Ospedale San Giovanni Bosco",
    "street": "Via Botticelli",
    "email": "",
    "domainIdentifier": "",
    "country": "IT",
    "location": { "type": "Point", "coordinates": [7.7064986, 45.1027058] }
  },
  {
    "state": "Piemonte",
    "town": "Torino",
    "postalcode": 10126,
    "county": "To",
    "name": "Ospedale C.t.o",
    "street": "Via Zuretti 29",
    "email": "",
    "domainIdentifier": "",
    "country": "IT",
    "location": { "type": "Point", "coordinates": [7.6739743, 45.0336035] }
  },
  {
    "state": "Piemonte",
    "town": "Torino",
    "postalcode": 10141,
    "county": "To",
    "name": "Ospedale Martini",
    "street": "Via Tofane 71",
    "email": "",
    "domainIdentifier": "",
    "country": "IT",
    "location": { "type": "Point", "coordinates": [7.6285518, 45.0670007] }
  },
  {
    "state": "Piemonte",
    "town": "Torino",
    "postalcode": 10131,
    "county": "To",
    "name": "Ospedale Gradenigo",
    "street": "Corso Regina Margherita 10/A",
    "email": "",
    "domainIdentifier": "",
    "country": "IT",
    "location": { "type": "Point", "coordinates": [7.7055467, 45.0696941] }
  },
  {
    "state": "Piemonte",
    "town": "Torino",
    "postalcode": 10144,
    "county": "To",
    "name": "Ospedale Maria Vittoria",
    "street": "Via Cibrario 72",
    "email": "",
    "domainIdentifier": "",
    "country": "IT",
    "location": { "type": "Point", "coordinates": [7.6563435, 45.0814237] }
  },
  {
    "state": "Piemonte",
    "town": "Domodossola",
    "postalcode": 28845,
    "county": "Vb",
    "name": "Ospedale San Biagio",
    "street": "Piazza Vittime Lager Nazifascisti 1",
    "email": "",
    "domainIdentifier": "",
    "country": "IT",
    "location": { "type": "Point", "coordinates": [8.2920459, 46.1152451] }
  },
  {
    "state": "Piemonte",
    "town": "Verbania",
    "postalcode": 28922,
    "county": "Vb",
    "name": "Ospedale Castelli",
    "street": "Via Crocetta",
    "email": "",
    "domainIdentifier": "",
    "country": "IT",
    "location": { "type": "Point", "coordinates": [8.549937, 45.9276523] }
  },
  {
    "state": "Piemonte",
    "town": "Borgosesia",
    "postalcode": 13011,
    "county": "Vc",
    "name": "Ospedale Ss Pietro E Paolo",
    "street": "Piazzale Lora 1",
    "email": "",
    "domainIdentifier": "",
    "country": "IT",
    "location": { "type": "Point", "coordinates": [8.2768572, 45.7166676] }
  },
  {
    "state": "Piemonte",
    "town": "Vercelli",
    "postalcode": 13100,
    "county": "Vc",
    "name": "Ospedale San Andrea",
    "street": "Corso Mario Abbiate 21",
    "email": "",
    "domainIdentifier": "",
    "country": "IT",
    "location": { "type": "Point", "coordinates": [8.414003273726372, 45.3170394] }
  },
  {
    "state": "Puglia",
    "town": "Bari",
    "postalcode": 70124,
    "county": "Ba",
    "name": "Azienda Ospedaliera Policlinico Consorziale",
    "street": "Piazza Giulio Cesare 11",
    "email": "",
    "domainIdentifier": "",
    "country": "IT",
    "location": { "type": "Point", "coordinates": [16.859359457751868, 41.111453749999995] }
  },
  {
    "state": "Puglia",
    "town": "Altamura",
    "postalcode": 70022,
    "county": "Ba",
    "name": "Ospedale Fabio Perinei Ospedale Della Murgia",
    "street": "SS 96 Altamura",
    "email": "",
    "domainIdentifier": "",
    "country": "IT",
    "location": { "type": "Point", "coordinates": [16.5527314, 40.8285595] }
  },
  {
    "state": "Puglia",
    "town": "Brindisi",
    "postalcode": 72100,
    "county": "Br",
    "name": "Aziensa Ospedaliera Di Summa-perrino",
    "street": "Piazza Di Summa 111",
    "email": "",
    "domainIdentifier": "",
    "country": "IT",
    "location": { "type": "Point", "coordinates": [17.9325791, 40.6364573] }
  },
  {
    "state": "Puglia",
    "town": "Brindisi",
    "postalcode": 72100,
    "county": "Br",
    "name": "Ospedale Perrino",
    "street": "SS 7 per Mesagne",
    "email": "",
    "domainIdentifier": "",
    "country": "IT",
    "location": { "type": "Point", "coordinates": [17.945526, 40.6395295] }
  },
  {
    "state": "Puglia",
    "town": "Francavilla Fontana",
    "postalcode": 72021,
    "county": "Br",
    "name": "Ospedale Camberlingo",
    "street": "Via Maria delle Grazie",
    "email": "",
    "domainIdentifier": "",
    "country": "IT",
    "location": { "type": "Point", "coordinates": [17.5826774, 40.5301622] }
  },
  {
    "state": "Puglia",
    "town": "Andria",
    "postalcode": 76123,
    "county": "Bt",
    "name": "Ospedale Bonomo",
    "street": "Via Istria",
    "email": "",
    "domainIdentifier": "",
    "country": "IT",
    "location": { "type": "Point", "coordinates": [16.4231003, 41.2713029] }
  },
  {
    "state": "Puglia",
    "town": "Copertino",
    "postalcode": 73043,
    "county": "Le",
    "name": "Ospedale San Giuseppe Da Copertino",
    "street": "Via Carmiano 1",
    "email": "",
    "domainIdentifier": "",
    "country": "IT",
    "location": { "type": "Point", "coordinates": [18.0502517, 40.2716808] }
  },
  {
    "state": "Puglia",
    "town": "Lecce",
    "postalcode": 73100,
    "county": "Le",
    "name": "Ospedale Vecchio Vito Fazzi",
    "street": "Piazza Bottazzi1",
    "email": "",
    "domainIdentifier": "",
    "country": "IT",
    "location": { "type": "Point", "coordinates": [18.1718482, 40.3570373] }
  },
  {
    "state": "Puglia",
    "town": "Scorrano",
    "postalcode": 73024,
    "county": "Le",
    "name": "Ospedale Ignazio Veris Delli Ponti",
    "street": "Via Maglie",
    "email": "",
    "domainIdentifier": "",
    "country": "IT",
    "location": { "type": "Point", "coordinates": [18.299629, 40.091623] }
  },
  {
    "state": "Puglia",
    "town": "Tricase",
    "postalcode": 73039,
    "county": "Le",
    "name": "Ospedale Panico",
    "street": "Via Pio X",
    "email": "",
    "domainIdentifier": "",
    "country": "IT",
    "location": { "type": "Point", "coordinates": [18.3556151, 39.9362657] }
  },
  {
    "state": "Puglia",
    "town": "San Giovanni Rotondo",
    "postalcode": 71013,
    "county": "Fg",
    "name": "Ospedale Casa Sollievo Della Sofferenza",
    "street": "Piazza dei Martiri 5",
    "email": "",
    "domainIdentifier": "",
    "country": "IT",
    "location": { "type": "Point", "coordinates": [15.727254771606534, 41.7069151] }
  },
  {
    "state": "Puglia",
    "town": "Manduria",
    "postalcode": 74024,
    "county": "Ta",
    "name": "Ospedale Giannuzzi",
    "street": "Via Mandonion 1",
    "email": "",
    "domainIdentifier": "",
    "country": "IT",
    "location": { "type": "Point", "coordinates": [17.639525, 40.4031931] }
  },
  {
    "state": "Puglia",
    "town": "Martina Franca",
    "postalcode": 74015,
    "county": "Ta",
    "name": "Ospedale Valle D'itria",
    "street": "Piazza San Francesco da Paola 1",
    "email": "",
    "domainIdentifier": "",
    "country": "IT",
    "location": { "type": "Point", "coordinates": [17.3430903, 40.7051791] }
  },
  {
    "state": "Puglia",
    "town": "Taranto",
    "postalcode": 74100,
    "county": "Ta",
    "name": "Presidio Ospedaliero Ss Annunziata",
    "street": "Via F. Bruno 1",
    "email": "",
    "domainIdentifier": "",
    "country": "IT",
    "location": { "type": "Point", "coordinates": [17.2432278, 40.4712427] }
  },
  {
    "state": "Sardegna",
    "town": "Cagliari",
    "postalcode": 9121,
    "county": "Ca",
    "name": "Ospedale Oncologico Armando Businco",
    "street": "Via Edward Jenner 1",
    "email": "",
    "domainIdentifier": "",
    "country": "IT",
    "location": { "type": "Point", "coordinates": [9.1132355, 39.2472295] }
  },
  {
    "state": "Sardegna",
    "town": "Cagliari",
    "postalcode": 9123,
    "county": "Ca",
    "name": "Ospedale Ss. Trinità",
    "street": "Via Is Mirrionis 92",
    "email": "",
    "domainIdentifier": "",
    "country": "IT",
    "location": { "type": "Point", "coordinates": [9.1078481, 39.23605] }
  },
  {
    "state": "Sardegna",
    "town": "Monserrato",
    "postalcode": 9042,
    "county": "Ca",
    "name": "Policlinico Universitario Di Monserrato",
    "street": "SS 554 km 45 Sestu",
    "email": "",
    "domainIdentifier": "",
    "country": "IT",
    "location": { "type": "Point", "coordinates": [9.1432062, 39.2539413] }
  },
  {
    "state": "Sardegna",
    "town": "Carbonia-iglesias",
    "postalcode": 7100,
    "county": "Ci",
    "name": "Ospedale Sirai",
    "street": "Via Ospedale",
    "email": "",
    "domainIdentifier": "",
    "country": "IT",
    "location": { "type": "Point", "coordinates": [8.507134, 39.185939] }
  },
  {
    "state": "Sardegna",
    "town": "Nuoro",
    "postalcode": 8100,
    "county": "Nu",
    "name": "Ospedale San Francesco",
    "street": "Via Mannironi 1",
    "email": "",
    "domainIdentifier": "",
    "country": "IT",
    "location": { "type": "Point", "coordinates": [9.3975638, 40.2839892] }
  },
  {
    "state": "Sardegna",
    "town": "Oristano",
    "postalcode": 9170,
    "county": "Or",
    "name": "Ospedale San Martino",
    "street": "Via Rockfeller",
    "email": "",
    "domainIdentifier": "",
    "country": "IT",
    "location": { "type": "Point", "coordinates": [8.6089505, 39.8789012] }
  },
  {
    "state": "Sardegna",
    "town": "Olbia",
    "postalcode": 7026,
    "county": "Ot",
    "name": "Ospedale Giovanni Paolo Ii",
    "street": "Via Bazzoni - Sircana",
    "email": "",
    "domainIdentifier": "",
    "country": "IT",
    "location": { "type": "Point", "coordinates": [9.4767501, 40.9141218] }
  },
  {
    "state": "Sardegna",
    "town": "Alghero",
    "postalcode": 7141,
    "county": "Ss",
    "name": "Ospedale Civile",
    "street": "Via Don Minzoni",
    "email": "",
    "domainIdentifier": "",
    "country": "IT",
    "location": { "type": "Point", "coordinates": [8.3179568, 40.5821219] }
  },
  {
    "state": "Sardegna",
    "town": "Sassari",
    "postalcode": 7100,
    "county": "Ss",
    "name": "Aziensa Ospedaliera Universitaria Di Sassari",
    "street": "Viale S. Pietro 43",
    "email": "",
    "domainIdentifier": "",
    "country": "IT",
    "location": { "type": "Point", "coordinates": [8.5535382, 40.7215015] }
  },
  {
    "state": "Sardegna",
    "town": "Sassari",
    "postalcode": 7100,
    "county": "Ss",
    "name": "Ospedale Ss Annunziata",
    "street": "Viale Italia",
    "email": "",
    "domainIdentifier": "",
    "country": "IT",
    "location": { "type": "Point", "coordinates": [8.5559529, 40.7185816] }
  },
  {
    "state": "Sicilia",
    "town": "Agrigento",
    "postalcode": 92100,
    "county": "Ag",
    "name": "Ospedale San Giovanni Di Dio",
    "street": "Contrada Consolida - San Michele",
    "email": "",
    "domainIdentifier": "",
    "country": "IT",
    "location": { "type": "Point", "coordinates": [13.57465, 37.3122991] }
  },
  {
    "state": "Sicilia",
    "town": "Biancavilla",
    "postalcode": 95033,
    "county": "Ct",
    "name": "Ospedale Maria Ss Annunziata",
    "street": "Via Cristoforo Colombo 77",
    "email": "",
    "domainIdentifier": "",
    "country": "IT",
    "location": { "type": "Point", "coordinates": [14.8740699, 37.6420136] }
  },
  {
    "state": "Sicilia",
    "town": "Catania",
    "postalcode": 95124,
    "county": "Ct",
    "name": "Azienda Ospedaliera Vittorio Emanuele",
    "street": "Via Plebiscito 624",
    "email": "",
    "domainIdentifier": "",
    "country": "IT",
    "location": { "type": "Point", "coordinates": [15.0823448, 37.5069697] }
  },
  {
    "state": "Sicilia",
    "town": "Catania",
    "postalcode": 95123,
    "county": "Ct",
    "name": "Policlinico Universitario Rodolico",
    "street": "Via Santa Sofia 78",
    "email": "",
    "domainIdentifier": "",
    "country": "IT",
    "location": { "type": "Point", "coordinates": [15.0688537, 37.52961] }
  },
  {
    "state": "Sicilia",
    "town": "Catania",
    "postalcode": 95124,
    "county": "Ct",
    "name": "Ospedale Garibaldi Centro",
    "street": "Piazza Santa Maria di Gesù 5",
    "email": "",
    "domainIdentifier": "",
    "country": "IT",
    "location": { "type": "Point", "coordinates": [15.078567278797935, 37.51228965] }
  },
  {
    "state": "Sicilia",
    "town": "Catania",
    "postalcode": 95122,
    "county": "Ct",
    "name": "Osp Garibaldi Nesima",
    "street": "Via Palermo 636",
    "email": "",
    "domainIdentifier": "",
    "country": "IT",
    "location": { "type": "Point", "coordinates": [15.0418814, 37.5113346] }
  },
  {
    "state": "Sicilia",
    "town": "Catania",
    "postalcode": 95126,
    "county": "Ct",
    "name": "Ospedale Cannizzaro",
    "street": "Via Messina 829",
    "email": "",
    "domainIdentifier": "",
    "country": "IT",
    "location": { "type": "Point", "coordinates": [15.1205158, 37.5410119] }
  },
  {
    "state": "Sicilia",
    "town": "Enna",
    "postalcode": 94100,
    "county": "En",
    "name": "Ospedale Umberto I",
    "street": "Via Trieste",
    "email": "",
    "domainIdentifier": "",
    "country": "IT",
    "location": { "type": "Point", "coordinates": [14.2739855, 37.5664963] }
  },
  {
    "state": "Sicilia",
    "town": "Messina",
    "postalcode": 98125,
    "county": "Me",
    "name": "Policlinico Universitario Gazzi",
    "street": "Via Consolare Valeria",
    "email": "",
    "domainIdentifier": "",
    "country": "IT",
    "location": { "type": "Point", "coordinates": [15.5375834, 38.1619304] }
  },
  {
    "state": "Sicilia",
    "town": "Messina",
    "postalcode": 98158,
    "county": "Me",
    "name": "Ospedale Papardo",
    "street": "Contrada Papardo",
    "email": "",
    "domainIdentifier": "",
    "country": "IT",
    "location": { "type": "Point", "coordinates": [15.5542082, 38.1937571] }
  },
  {
    "state": "Sicilia",
    "town": "Messina",
    "postalcode": 98121,
    "county": "Me",
    "name": "Centro Distribuzione Di Messina (mandalari)",
    "street": "Viale Giostra 73",
    "email": "",
    "domainIdentifier": "",
    "country": "IT",
    "location": { "type": "Point", "coordinates": [15.5349874, 38.2163557] }
  },
  {
    "state": "Sicilia",
    "town": "Milazzo",
    "postalcode": 98057,
    "county": "Me",
    "name": "Presidio Ospedaliero Giuseppe Fogliani",
    "street": "Contrada Villaggio Grazia",
    "email": "",
    "domainIdentifier": "",
    "country": "IT",
    "location": { "type": "Point", "coordinates": [15.2380053023035, 38.22007755] }
  },
  {
    "state": "Sicilia",
    "town": "Cefalu'",
    "postalcode": 90015,
    "county": "Pa",
    "name": "Fondazione San Raffaele G.giglio",
    "street": "Contrda Pietra Pollastri",
    "email": "",
    "domainIdentifier": "",
    "country": "IT",
    "location": { "type": "Point", "coordinates": [14.04143893057973, 37.994333600000004] }
  },
  {
    "state": "Sicilia",
    "town": "Palermo",
    "postalcode": 90146,
    "county": "Pa",
    "name": "Ospedali Riuniti Villa Sofia-cervello (presidio Cervello)",
    "street": "Via Trabucco 180",
    "email": "",
    "domainIdentifier": "",
    "country": "IT",
    "location": { "type": "Point", "coordinates": [13.3170544, 38.1547942] }
  },
  {
    "state": "Sicilia",
    "town": "Palermo",
    "postalcode": 90127,
    "county": "Pa",
    "name": "Ospedale Civico",
    "street": "---",
    "email": "",
    "domainIdentifier": "",
    "country": "IT",
    "location": { "type": "Point", "coordinates": [13.3678144, 38.1153312] }
  },
  {
    "state": "Sicilia",
    "town": "Palermo",
    "postalcode": " 4",
    "county": "Pa",
    "name": "Fatebenefratelli",
    "street": "Piazza Nicola Leotta",
    "email": "",
    "domainIdentifier": "",
    "country": "IT",
    "location": { "type": "Point", "coordinates": [13.3524434, 38.1112268] }
  },
  {
    "state": "Sicilia",
    "town": "Palermo",
    "postalcode": 90127,
    "county": "Pa",
    "name": "Ospedale Policlinico",
    "street": "Via Del Vespro 129",
    "email": "",
    "domainIdentifier": "",
    "country": "IT",
    "location": { "type": "Point", "coordinates": [13.3627699, 38.1041882] }
  },
  {
    "state": "Sicilia",
    "town": "Palermo",
    "postalcode": 90146,
    "county": "Pa",
    "name": "Ospedali Riuniti Villa Sofia-cervello (presidio Villa Sofia)",
    "street": "Piazza Salerno1",
    "email": "",
    "domainIdentifier": "",
    "country": "IT",
    "location": { "type": "Point", "coordinates": [13.3524434, 38.1112268] }
  },
  {
    "state": "Sicilia",
    "town": "Palermo",
    "postalcode": 90100,
    "county": "Pa",
    "name": "Ospedali Riuniti Villa Sofia-cervello (presidio Villa Sofia)",
    "street": "Piazza Salerno1",
    "email": "",
    "domainIdentifier": "",
    "country": "IT",
    "location": { "type": "Point", "coordinates": [13.3524434, 38.1112268] }
  },
  {
    "state": "Sicilia",
    "town": "Siracusa",
    "postalcode": 96100,
    "county": "Sr",
    "name": "Ospedale Umberto I",
    "street": "Via Testaferrata 1",
    "email": "",
    "domainIdentifier": "",
    "country": "IT",
    "location": { "type": "Point", "coordinates": [15.2827217, 37.0731548] }
  },
  {
    "state": "Sicilia",
    "town": "Castelvetrano",
    "postalcode": 91022,
    "county": "Tp",
    "name": "Ospedale Vittorie Emanuele",
    "street": "Via Marinella",
    "email": "",
    "domainIdentifier": "",
    "country": "IT",
    "location": { "type": "Point", "coordinates": [12.8023328, 37.6664459] }
  },
  {
    "state": "Toscana",
    "town": "Arezzo",
    "postalcode": 52100,
    "county": "Ar",
    "name": "Ospedale San Donato",
    "street": "Via Pietro Nenni",
    "email": "",
    "domainIdentifier": "",
    "country": "IT",
    "location": { "type": "Point", "coordinates": [11.8639845, 43.4619881] }
  },
  {
    "state": "Toscana",
    "town": "Campi Bisenzio",
    "postalcode": 50013,
    "county": "Fi",
    "name": "Distretto Di Campi Bisenzio",
    "street": "Via Rossini",
    "email": "",
    "domainIdentifier": "",
    "country": "IT",
    "location": { "type": "Point", "coordinates": [11.1366776, 43.8216342] }
  },
  {
    "state": "Toscana",
    "town": "Empoli",
    "postalcode": 50053,
    "county": "Fi",
    "name": "Ospedale San Giuseppe",
    "street": "Viale Giovanni Boccaccio 20",
    "email": "",
    "domainIdentifier": "",
    "country": "IT",
    "location": { "type": "Point", "coordinates": [10.936679, 43.7206887] }
  },
  {
    "state": "Toscana",
    "town": "Firenze",
    "postalcode": 50134,
    "county": "Fi",
    "name": "Azienda Ospedaliera Careggi",
    "street": "Largo Brambilla 3",
    "email": "",
    "domainIdentifier": "",
    "country": "IT",
    "location": { "type": "Point", "coordinates": [11.2483906112013, 43.808296999999996] }
  },
  {
    "state": "Toscana",
    "town": "Firenze",
    "postalcode": 50139,
    "county": "Fi",
    "name": "Ospedale Pediatrico Meyer",
    "street": "Viale Gaetano Pieraccini 24",
    "email": "",
    "domainIdentifier": "",
    "country": "IT",
    "location": { "type": "Point", "coordinates": [11.2528217, 43.8108032] }
  },
  {
    "state": "Toscana",
    "town": "Ponte A Niccheri Bagno A Ripoli",
    "postalcode": 50011,
    "county": "Fi",
    "name": "Ospedale Santa Maria Annunziata",
    "street": "Via Dell'Antella 58",
    "email": "",
    "domainIdentifier": "",
    "country": "IT",
    "location": { "type": "Point", "coordinates": [11.3090328, 43.7316387] }
  },
  {
    "state": "Toscana",
    "town": "Scandicci",
    "postalcode": 50018,
    "county": "Fi",
    "name": "Distretto Scandicci",
    "street": "Via Antonio Vivaldi",
    "email": "",
    "domainIdentifier": "",
    "country": "IT",
    "location": { "type": "Point", "coordinates": [11.1794673, 43.7610141] }
  },
  {
    "state": "Toscana",
    "town": "Grosseto",
    "postalcode": 58100,
    "county": "Gr",
    "name": "Ospedale Della Misericordia",
    "street": "Via Senese 161",
    "email": "",
    "domainIdentifier": "",
    "country": "IT",
    "location": { "type": "Point", "coordinates": [11.1175501, 42.7661463] }
  },
  {
    "state": "Toscana",
    "town": "Cecina",
    "postalcode": 57023,
    "county": "Li",
    "name": "Ospedale Nuovo Di Cecina",
    "street": "Via Montanara",
    "email": "",
    "domainIdentifier": "",
    "country": "IT",
    "location": { "type": "Point", "coordinates": [10.5213741, 43.3136995] }
  },
  {
    "state": "Toscana",
    "town": "Livorno",
    "postalcode": 57124,
    "county": "Li",
    "name": "Presidio Ospedaliero Di Livorno",
    "street": "Viale Vittorio Alfieri 18",
    "email": "",
    "domainIdentifier": "",
    "country": "IT",
    "location": { "type": "Point", "coordinates": [10.32697, 43.5531984] }
  },
  {
    "state": "Toscana",
    "town": "Piombino",
    "postalcode": 57025,
    "county": "Li",
    "name": "Ospedale Villamarina Di Piombino",
    "street": "Via Forlanini 24",
    "email": "",
    "domainIdentifier": "",
    "country": "IT",
    "location": { "type": "Point", "coordinates": [10.5268192, 42.9231662] }
  },
  {
    "state": "Toscana",
    "town": "Castelnuovo Garfagna",
    "postalcode": 55032,
    "county": "Lu",
    "name": "Ospedale Di Castelnuovo Garfagna",
    "street": "Via dell'Ospedale 3",
    "email": "",
    "domainIdentifier": "",
    "country": "IT",
    "location": { "type": "Point", "coordinates": [10.5125, 42.94051] }
  },
  {
    "state": "Toscana",
    "town": "Lido Di Camaiore",
    "postalcode": 55043,
    "county": "Lu",
    "name": "Ospedale Della Versilia",
    "street": "Via Aurelia 335",
    "email": "",
    "domainIdentifier": "",
    "country": "IT",
    "location": { "type": "Point", "coordinates": [10.2302866, 43.8948357] }
  },
  {
    "state": "Toscana",
    "town": "Lucca",
    "postalcode": 55100,
    "county": "Lu",
    "name": "Via Ospedale",
    "street": "1 Località Campo di Marte",
    "email": "",
    "domainIdentifier": "",
    "country": "IT",
    "location": { "type": "Point", "coordinates": [10.502876, 43.8428381] }
  },
  {
    "state": "Toscana",
    "town": "Carrara",
    "postalcode": 54033,
    "county": "Ms",
    "name": "Ospedale Civico Di Carrara",
    "street": "Piazza Sacco e Vanzetti",
    "email": "",
    "domainIdentifier": "",
    "country": "IT",
    "location": { "type": "Point", "coordinates": [10.1031867, 44.0800362] }
  },
  {
    "state": "Toscana",
    "town": "Pisa",
    "postalcode": 56127,
    "county": "Pi",
    "name": "Azienda Ospedaliera Pisana Policlinico Cisanello",
    "street": "Via Paradisa 2",
    "email": "",
    "domainIdentifier": "",
    "country": "IT",
    "location": { "type": "Point", "coordinates": [10.4358391, 43.7109299] }
  },
  {
    "state": "Toscana",
    "town": "Pontedera",
    "postalcode": 56025,
    "county": "Pi",
    "name": "Ospedale Lotti",
    "street": "Via Roma 147",
    "email": "",
    "domainIdentifier": "",
    "country": "IT",
    "location": { "type": "Point", "coordinates": [10.6338782, 43.660963] }
  },
  {
    "state": "Toscana",
    "town": "Prato",
    "postalcode": 59100,
    "county": "Po",
    "name": "Ospedale Nuovo Santo Stefano",
    "street": "Via Suor Niccolina Infermiera 2",
    "email": "",
    "domainIdentifier": "",
    "country": "IT",
    "location": { "type": "Point", "coordinates": [11.0969262, 43.880598] }
  },
  {
    "state": "Toscana",
    "town": "Pescia",
    "postalcode": 51017,
    "county": "Pt",
    "name": "Presidio Ospedaliero Di Pescia",
    "street": "Via Cesare Battisti 2",
    "email": "",
    "domainIdentifier": "",
    "country": "IT",
    "location": { "type": "Point", "coordinates": [10.6908076, 43.9022764] }
  },
  {
    "state": "Toscana",
    "town": "Pistoia",
    "postalcode": 51100,
    "county": "Pt",
    "name": "Ospedale San Iacopo",
    "street": "Via Pertini 708",
    "email": "",
    "domainIdentifier": "",
    "country": "IT",
    "location": { "type": "Point", "coordinates": [10.9174238, 43.9336213] }
  },
  {
    "state": "Toscana",
    "town": "Siena",
    "postalcode": 53100,
    "county": "Si",
    "name": "Azienda Ospedaliera Senese Le Scotte",
    "street": "Strada delle Scotte 14",
    "email": "",
    "domainIdentifier": "",
    "country": "IT",
    "location": { "type": "Point", "coordinates": [11.3266478, 43.3431575] }
  },
  {
    "state": "Trentino Alto Adige",
    "town": "Bolzano",
    "postalcode": 39100,
    "county": "Bz",
    "name": "Ospedale Centro Sud Bolzano",
    "street": "Via Lorenz Bohler 5",
    "email": "",
    "domainIdentifier": "",
    "country": "IT",
    "location": { "type": "Point", "coordinates": [11.308806, 46.4988821] }
  },
  {
    "state": "Trentino Alto Adige",
    "town": "Bressanone",
    "postalcode": 39042,
    "county": "Bz",
    "name": "Ospedale Di Bressanone",
    "street": "Via Dante 51",
    "email": "",
    "domainIdentifier": "",
    "country": "IT",
    "location": { "type": "Point", "coordinates": [11.6476482, 46.7228418] }
  },
  {
    "state": "Trentino Alto Adige",
    "town": "Brunico",
    "postalcode": 39031,
    "county": "Bz",
    "name": "Ospedale Di Brunico",
    "street": "Via Dell'Ospedale 11",
    "email": "",
    "domainIdentifier": "",
    "country": "IT",
    "location": { "type": "Point", "coordinates": [11.9355121, 46.7963194] }
  },
  {
    "state": "Trentino Alto Adige",
    "town": "Merano",
    "postalcode": 39012,
    "county": "Bz",
    "name": "Ospedale Di Merano",
    "street": "Via Rossini 5",
    "email": "",
    "domainIdentifier": "",
    "country": "IT",
    "location": { "type": "Point", "coordinates": [11.1510139, 46.6776007] }
  },
  {
    "state": "Trentino Alto Adige",
    "town": "Trento",
    "postalcode": 38100,
    "county": "Tn",
    "name": "Ospedale Santa Chiara",
    "street": "Largo Medaglie D'oro 9",
    "email": "",
    "domainIdentifier": "",
    "country": "IT",
    "location": { "type": "Point", "coordinates": [11.1328198, 46.0575777] }
  },
  {
    "state": "Umbria",
    "town": "Bastia Umbra",
    "postalcode": 6081,
    "county": "Pg",
    "name": "Palazzo Della Salute",
    "street": "Via Giontella",
    "email": "",
    "domainIdentifier": "",
    "country": "IT",
    "location": { "type": "Point", "coordinates": [12.5495816, 43.0677554] }
  },
  {
    "state": "Umbria",
    "town": "Foligno",
    "postalcode": 6034,
    "county": "Pg",
    "name": "Nuovo Ospedalale San Giovanni Battista",
    "street": "Via Massimo Arcamone",
    "email": "",
    "domainIdentifier": "",
    "country": "IT",
    "location": { "type": "Point", "coordinates": [12.6845659, 42.9608309] }
  },
  {
    "state": "Umbria",
    "town": "Gubbio",
    "postalcode": 6024,
    "county": "Pg",
    "name": "Presidio Ospedaliero Di Gubbio E Gualdo Tadino",
    "street": "Largo Unità d'Italia Località Branca",
    "email": "",
    "domainIdentifier": "",
    "country": "IT",
    "location": { "type": "Point", "coordinates": [12.5772674, 43.3517882] }
  },
  {
    "state": "Umbria",
    "town": "Perugia",
    "postalcode": 6080,
    "county": "Pg",
    "name": "Ospedale Silvestrini",
    "street": "Località Sant'Andrea delle Fratte",
    "email": "",
    "domainIdentifier": "",
    "country": "IT",
    "location": { "type": "Point", "coordinates": [12.3505467, 43.0724206] }
  },
  {
    "state": "Umbria",
    "town": "Orvieto",
    "postalcode": 5018,
    "county": "Tr",
    "name": "Ospedale Santa Maria Della Stella",
    "street": "Località Ciconia",
    "email": "",
    "domainIdentifier": "",
    "country": "IT",
    "location": { "type": "Point", "coordinates": [12.130122, 42.7195995] }
  },
  {
    "state": "Valle D'aosta",
    "town": "Aosta",
    "postalcode": 11100,
    "county": "Ao",
    "name": "Ospedale Umbero Parini",
    "street": "Via Guido Rey 1",
    "email": "",
    "domainIdentifier": "",
    "country": "IT",
    "location": { "type": "Point", "coordinates": [7.3200585, 45.7399303] }
  },
  {
    "state": "Veneto",
    "town": "Belluno",
    "postalcode": 32100,
    "county": "Bl",
    "name": "Ospedale Civile Di Belluno",
    "street": "Viale Europa 22",
    "email": "",
    "domainIdentifier": "",
    "country": "IT",
    "location": { "type": "Point", "coordinates": [12.212202, 46.1436119] }
  },
  {
    "state": "Veneto",
    "town": "Feltre",
    "postalcode": 32032,
    "county": "Bl",
    "name": "Ospedale Civile Di Feltre",
    "street": "Via Bagnols Sur Cèzè 1",
    "email": "",
    "domainIdentifier": "",
    "country": "IT",
    "location": { "type": "Point", "coordinates": [11.90694941154635, 46.02266805] }
  },
  {
    "state": "Veneto",
    "town": "Abano Terme",
    "postalcode": 35031,
    "county": "Pd",
    "name": "Ospedale Abano Terme",
    "street": "Piazza Cristoforo Colombo 1",
    "email": "",
    "domainIdentifier": "",
    "country": "IT",
    "location": { "type": "Point", "coordinates": [11.78671618013447, 45.349273600000004] }
  },
  {
    "state": "Veneto",
    "town": "Camposampiero",
    "postalcode": 35012,
    "county": "Pd",
    "name": "Ospedale Pietro Cosma",
    "street": "Via Pietro Cosma 1",
    "email": "",
    "domainIdentifier": "",
    "country": "IT",
    "location": { "type": "Point", "coordinates": [11.9306396, 45.5654601] }
  },
  {
    "state": "Veneto",
    "town": "Padova",
    "postalcode": 32128,
    "county": "Pd",
    "name": "Azienda Ospedaliera Di Padova",
    "street": "Via Giustiniani 2",
    "email": "",
    "domainIdentifier": "",
    "country": "IT",
    "location": { "type": "Point", "coordinates": [11.8747128, 45.5400126] }
  },
  {
    "state": "Veneto",
    "town": "Rovigo",
    "postalcode": 45100,
    "county": "Ro",
    "name": "Ospedale Santa Maria Della Misericordia",
    "street": "Viale Tre Martiri 140",
    "email": "",
    "domainIdentifier": "",
    "country": "IT",
    "location": { "type": "Point", "coordinates": [11.8212805, 45.0753871] }
  },
  {
    "state": "Veneto",
    "town": "Trecenta",
    "postalcode": 45027,
    "county": "Ro",
    "name": "Ospedale San Luca",
    "street": "Via Guerrina S.P. Km. 28",
    "email": "",
    "domainIdentifier": "",
    "country": "IT",
    "location": { "type": "Point", "coordinates": [11.4605212, 45.0309442] }
  },
  {
    "state": "Veneto",
    "town": "Castelfranco V.",
    "postalcode": 31033,
    "county": "Tv",
    "name": "Presidio Ospedaliero Di Castelfranco Veneto",
    "street": "Via Ospedale 18",
    "email": "",
    "domainIdentifier": "",
    "country": "IT",
    "location": { "type": "Point", "coordinates": [11.9339221, 45.6665902] }
  },
  {
    "state": "Veneto",
    "town": "Conegliano",
    "postalcode": 31015,
    "county": "Tv",
    "name": "Ospedale Civile Di Conegliano",
    "street": "Via Brigata Bisagno 4",
    "email": "",
    "domainIdentifier": "",
    "country": "IT",
    "location": { "type": "Point", "coordinates": [12.2905223, 45.8814176] }
  },
  {
    "state": "Veneto",
    "town": "Montebelluna",
    "postalcode": 31044,
    "county": "Tv",
    "name": "Presidio Ospedaliero Di Montebelluna",
    "street": "Via Montegrappa 32",
    "email": "",
    "domainIdentifier": "",
    "country": "IT",
    "location": { "type": "Point", "coordinates": [12.0450646, 45.7759956] }
  },
  {
    "state": "Veneto",
    "town": "Treviso",
    "postalcode": 31100,
    "county": "Tv",
    "name": "Presidio Ospedaliero Cà Foncello",
    "street": "Piazza Ospedale",
    "email": "",
    "domainIdentifier": "",
    "country": "IT",
    "location": { "type": "Point", "coordinates": [12.2455414, 45.6658505] }
  },
  {
    "state": "Veneto",
    "town": "Vittorio Veneto",
    "postalcode": 31029,
    "county": "Tv",
    "name": "Ospedale Civile Di Divittorio Veneto",
    "street": "Via Forlanini71",
    "email": "",
    "domainIdentifier": "",
    "country": "IT",
    "location": { "type": "Point", "coordinates": [12.2964361, 45.9896648] }
  },
  {
    "state": "Veneto",
    "town": "Chioggia",
    "postalcode": 30015,
    "county": "Ve",
    "name": "Presidio Ospedaliero Di Chioggia",
    "street": "Strada Madonna Marina 500",
    "email": "",
    "domainIdentifier": "",
    "country": "IT",
    "location": { "type": "Point", "coordinates": [12.2895432, 45.2077486] }
  },
  {
    "state": "Veneto",
    "town": "Dolo",
    "postalcode": 30031,
    "county": "Ve",
    "name": "Presidio Ospedaliero Di Dolo",
    "street": "Via Riviera XXIX Aprile 2",
    "email": "",
    "domainIdentifier": "",
    "country": "IT",
    "location": { "type": "Point", "coordinates": [12.076313, 45.424996] }
  },
  {
    "state": "Veneto",
    "town": "Mestre",
    "postalcode": 30121,
    "county": "Ve",
    "name": "Ospedale Dell'angelo",
    "street": "Via Paccagnella 11",
    "email": "",
    "domainIdentifier": "",
    "country": "IT",
    "location": { "type": "Point", "coordinates": [12.2290424, 45.509392] }
  },
  {
    "state": "Veneto",
    "town": "Noale",
    "postalcode": 30033,
    "county": "Ve",
    "name": "Presidio Ospedaliero Di Mirano",
    "street": "Largo San Giorgio 3",
    "email": "",
    "domainIdentifier": "",
    "country": "IT",
    "location": { "type": "Point", "coordinates": [12.0720437, 45.550156] }
  },
  {
    "state": "Veneto",
    "town": "Portogruaro",
    "postalcode": 30026,
    "county": "Ve",
    "name": "Presidio Ospedaliero Di Portogruaro",
    "street": "Via Piemonte 1",
    "email": "",
    "domainIdentifier": "",
    "country": "IT",
    "location": { "type": "Point", "coordinates": [12.8419048, 45.7709907] }
  },
  {
    "state": "Veneto",
    "town": "Venezia",
    "postalcode": 30122,
    "county": "Ve",
    "name": "Ospedale Civile Di Venezia",
    "street": "Castello 6777",
    "email": "",
    "domainIdentifier": "",
    "country": "IT",
    "location": { "type": "Point", "coordinates": [12.3417059, 45.4403034] }
  },
  {
    "state": "Veneto",
    "town": "Bassano Del Grappa",
    "postalcode": 36061,
    "county": "Vi",
    "name": "Presidio Ospedaliero Di Bassano Del Grappa",
    "street": "Viale delle Fosse",
    "email": "",
    "domainIdentifier": "",
    "country": "IT",
    "location": { "type": "Point", "coordinates": [11.7382573, 45.7695008] }
  },
  {
    "state": "Veneto",
    "town": "Vicenza",
    "postalcode": 36100,
    "county": "Vi",
    "name": "Ospedale San Bortolo",
    "street": "Via Ferdinando Rodolfi 37",
    "email": "",
    "domainIdentifier": "",
    "country": "IT",
    "location": { "type": "Point", "coordinates": [11.4970358, 45.6017589] }
  },
  {
    "state": "Veneto",
    "town": "Negrar",
    "postalcode": 37024,
    "county": "Vr",
    "name": "Ospedale Sacro Cuore",
    "street": "Via Don A. Sempreboni 5",
    "email": "",
    "domainIdentifier": "",
    "country": "IT",
    "location": { "type": "Point", "coordinates": [10.9400217, 45.5296706] }
  },
  {
    "state": "Veneto",
    "town": "Verona",
    "postalcode": 37126,
    "county": "Vr",
    "name": "Ospedale Borgo Trento",
    "street": "Piazzale Stefani 1",
    "email": "",
    "domainIdentifier": "",
    "country": "IT",
    "location": { "type": "Point", "coordinates": [10.984095217796257, 45.4528902] }
  },
  {
    "state": "Veneto",
    "town": "Verona",
    "postalcode": 37134,
    "county": "Vr",
    "name": "Policlinico Borgo Roma",
    "street": "Via delle Menegone 10",
    "email": "",
    "domainIdentifier": "",
    "country": "IT",
    "location": { "type": "Point", "coordinates": [10.9954432, 45.4058921] }
  }
]
